Timestamp,PM2.5,PM10,CO,NO2,SO2,O3,Temperature,Humidity,IsAnomaly,DBSCAN_Label,DBSCAN_Anomaly,IsolationForest_Anomaly,IsolationForest_Score
2026-01-01 00:00:00,103.73,103.68,2.042,58.24,21.64,32.87,19.87,74.96,1,-1,1,1,0.06034992508808695
2026-01-01 01:00:00,40.77,76.04,0.909,18.28,10.85,14.83,18.45,79.2,0,0,0,0,-0.05579541200624338
2026-01-01 02:00:00,15.19,9.18,0.593,19.61,,29.81,21.16,74.57,0,0,0,0,-0.05544044118302521
2026-01-01 03:00:00,36.79,60.76,0.838,18.68,10.44,29.87,22.28,73.64,0,0,0,0,-0.10603762055342353
2026-01-01 04:00:00,30.11,52.52,0.761,31.23,9.97,22.76,19.96,77.9,0,0,0,0,-0.10673585082437748
2026-01-01 05:00:00,42.59,84.15,0.977,45.34,9.48,26.0,22.08,67.77,0,0,0,0,-0.09971865686117115
2026-01-01 06:00:00,32.82,,1.146,37.28,10.71,30.31,25.23,74.03,0,0,0,0,-0.11693385382658328
2026-01-01 07:00:00,62.33,103.22,1.564,42.21,13.44,24.71,26.14,70.51,0,0,0,0,-0.088711901764577
2026-01-01 08:00:00,60.82,87.34,1.472,34.3,12.42,32.31,27.83,68.11,0,0,0,0,-0.1074981581327763
2026-01-01 09:00:00,226.19,233.64,3.325,72.27,27.6,43.09,27.98,70.45,1,-1,1,1,0.16120479861239118
2026-01-01 10:00:00,147.02,202.66,2.521,87.75,33.83,48.33,30.95,,1,-1,1,1,0.15508198412818258
2026-01-01 11:00:00,79.68,151.89,0.845,24.84,10.12,111.21,48.43,13.28,1,-1,1,1,0.18227234571827328
2026-01-01 12:00:00,28.05,39.86,0.801,23.41,10.49,48.39,30.74,61.43,0,0,0,0,-0.09753548034970572
2026-01-01 13:00:00,26.8,55.34,0.704,26.77,15.43,52.41,31.84,58.28,0,0,0,0,-0.07071490479491938
2026-01-01 14:00:00,17.79,45.69,0.565,29.63,14.44,55.2,30.51,59.39,0,0,0,0,-0.05732697859436131
2026-01-01 15:00:00,40.68,47.41,0.852,28.2,9.75,43.03,28.05,58.57,0,0,0,0,-0.0989941269024856
2026-01-01 16:00:00,48.73,87.75,1.032,32.69,10.86,47.3,28.4,62.6,0,0,0,0,-0.11009646681691643
2026-01-01 17:00:00,42.28,81.26,1.155,38.36,9.9,29.4,25.49,66.46,0,0,0,0,-0.12349699940441394
2026-01-01 18:00:00,55.84,89.02,1.427,41.35,15.91,28.54,26.29,64.45,0,0,0,0,-0.10786995455725784
2026-01-01 19:00:00,53.87,74.35,1.374,42.7,12.51,23.73,23.76,64.53,0,0,0,0,-0.115807033135019
2026-01-01 20:00:00,56.26,104.14,1.491,46.64,14.15,26.87,22.29,59.51,0,0,0,0,-0.08061491008380839
2026-01-01 21:00:00,138.68,112.19,2.429,106.13,29.0,19.91,20.57,73.77,1,-1,1,1,0.13507302798664172
2026-01-01 22:00:00,32.67,51.77,1.01,42.14,11.24,35.66,21.99,75.6,0,0,0,0,-0.09920696326506112
2026-01-01 23:00:00,39.77,65.14,0.942,31.09,13.53,14.89,19.8,76.55,0,0,0,0,-0.09004191923108068
2026-01-02 00:00:00,24.05,48.27,0.584,26.19,11.55,33.04,19.3,72.11,0,0,0,0,-0.0911204096601187
2026-01-02 01:00:00,38.01,55.19,0.826,,10.51,23.78,19.59,79.1,0,0,0,0,-0.09457358062784865
2026-01-02 02:00:00,24.71,32.56,0.564,23.63,12.8,28.88,21.21,79.18,0,0,0,0,-0.08583332558336532
2026-01-02 03:00:00,19.16,32.8,0.664,17.27,8.05,33.97,21.9,81.86,0,0,0,0,-0.05135801786552491
2026-01-02 04:00:00,38.97,76.38,0.834,29.05,14.85,30.69,23.11,71.2,0,0,0,0,-0.11174342099540352
2026-01-02 05:00:00,40.84,94.83,1.095,34.79,10.79,23.79,24.47,72.4,0,0,0,0,-0.11258608708522944
2026-01-02 06:00:00,49.59,63.74,1.217,38.47,11.91,32.7,27.96,72.66,0,0,0,0,-0.11440053352557156
2026-01-02 07:00:00,60.39,103.42,1.564,57.03,11.64,,26.34,70.56,0,0,0,0,-0.06223797998206898
2026-01-02 08:00:00,51.25,71.52,1.323,52.19,11.09,33.73,27.55,63.74,0,0,0,0,-0.09513709875110937
2026-01-02 09:00:00,51.47,97.15,1.318,49.1,12.21,53.18,28.34,67.95,0,0,0,0,-0.08148654534157729
2026-01-02 10:00:00,44.23,61.72,1.21,41.0,7.07,50.44,30.94,64.97,0,0,0,0,-0.07468778830010991
2026-01-02 11:00:00,28.91,39.61,0.974,37.89,10.38,50.74,32.12,60.65,0,0,0,0,-0.07615181322638642
2026-01-02 12:00:00,30.29,42.91,0.947,18.53,9.91,47.75,30.83,61.13,0,0,0,0,-0.07616094274416507
2026-01-02 13:00:00,39.3,63.93,0.89,32.84,13.67,48.64,29.78,59.13,0,0,0,0,-0.10768657061523007
2026-01-02 14:00:00,31.7,56.18,0.955,20.05,12.1,38.48,29.26,65.75,0,0,0,0,-0.10569321650983571
2026-01-02 15:00:00,25.65,48.12,0.767,23.37,9.01,44.74,30.17,54.91,0,0,0,0,-0.07845854864316087
2026-01-02 16:00:00,30.14,49.67,1.022,33.81,10.01,40.41,29.15,56.91,0,0,0,0,-0.10153574335247484
2026-01-02 17:00:00,59.48,82.18,1.315,47.61,13.43,27.68,27.6,60.87,0,0,0,0,-0.1056766026743109
2026-01-02 18:00:00,52.43,95.24,1.426,38.04,16.51,30.26,24.74,67.42,0,0,0,0,-0.10364485734620665
2026-01-02 19:00:00,51.82,84.87,1.232,42.6,11.37,25.19,24.4,59.01,0,0,0,0,-0.10659188831570776
2026-01-02 20:00:00,51.75,99.32,1.295,44.16,11.59,21.8,22.95,62.1,0,0,0,0,-0.09877890577513854
2026-01-02 21:00:00,37.43,53.26,1.163,36.1,9.26,23.88,21.95,61.3,0,0,0,0,-0.10075207744096715
2026-01-02 22:00:00,49.35,62.2,1.059,39.09,9.67,26.02,21.87,70.95,0,0,0,0,-0.10901735771148757
2026-01-02 23:00:00,30.54,49.98,0.88,44.23,11.73,25.31,20.55,68.82,0,0,0,0,-0.09826721109312059
2026-01-03 00:00:00,34.01,71.67,0.839,24.52,11.85,21.43,20.92,72.63,0,0,0,0,-0.11112334976568994
2026-01-03 01:00:00,24.3,42.03,0.612,16.91,13.25,26.05,20.39,78.33,0,0,0,0,-0.08688611765100612
2026-01-03 02:00:00,35.08,55.49,0.712,,13.8,24.83,21.22,73.17,0,0,0,0,-0.11423665608456884
2026-01-03 03:00:00,28.11,35.94,0.69,21.05,16.08,21.25,22.51,75.99,0,0,0,0,-0.08046037091797226
2026-01-03 04:00:00,35.89,80.32,0.795,21.75,11.43,23.51,21.16,75.26,0,0,0,0,-0.10860654882260357
2026-01-03 05:00:00,40.98,55.27,1.015,33.71,11.53,29.77,23.86,76.54,0,0,0,0,-0.11863565056670644
2026-01-03 06:00:00,48.7,71.65,1.241,40.3,10.01,30.1,25.12,74.13,0,0,0,0,-0.1178438579023125
2026-01-03 07:00:00,148.14,236.49,2.727,114.6,30.53,31.24,26.35,67.55,1,-1,1,1,0.1454358329697169
2026-01-03 08:00:00,53.81,66.52,1.577,55.49,13.64,41.81,28.12,67.01,0,0,0,0,-0.0693218662104001
2026-01-03 09:00:00,206.81,568.13,4.052,219.4,45.09,1.75,31.4,67.71,1,-1,1,1,0.22304430599773434
2026-01-03 10:00:00,39.01,71.86,1.229,35.54,9.4,42.95,29.45,65.57,0,0,0,0,-0.11109278417752483
2026-01-03 11:00:00,38.67,74.59,0.914,34.22,12.64,50.76,32.21,54.63,0,0,0,0,-0.0794418149920883
2026-01-03 12:00:00,31.88,59.3,0.839,30.49,11.64,58.11,29.23,64.31,0,0,0,0,-0.10014771703299902
2026-01-03 13:00:00,33.23,52.9,0.909,31.16,11.63,51.98,30.67,55.02,0,0,0,0,-0.09276795042673958
2026-01-03 14:00:00,27.21,32.14,0.845,26.25,9.22,48.65,30.73,64.16,0,0,0,0,-0.08340720047047478
2026-01-03 15:00:00,36.41,58.4,0.886,33.6,14.26,53.65,30.38,62.43,0,0,0,0,-0.10042782601960948
2026-01-03 16:00:00,39.48,53.43,1.09,29.54,16.46,39.58,29.4,60.2,0,0,0,0,-0.09397614871206317
2026-01-03 17:00:00,36.74,66.46,1.152,41.49,9.23,47.02,28.18,60.94,0,0,0,0,-0.09906746233125552
2026-01-03 18:00:00,53.69,98.27,1.365,48.59,14.95,24.43,25.4,62.48,0,0,0,0,-0.10207936534153261
2026-01-03 19:00:00,47.6,96.26,1.418,51.88,6.43,21.15,23.85,68.21,0,0,0,0,-0.060292020146684444
2026-01-03 20:00:00,,72.47,1.407,33.22,13.59,26.25,24.12,64.81,0,0,0,0,-0.11575728587880019
2026-01-03 21:00:00,47.67,89.74,1.287,34.54,8.65,23.05,21.73,70.59,0,0,0,0,-0.10646316742134287
2026-01-03 22:00:00,42.18,66.04,1.123,37.5,11.06,18.85,19.57,76.38,0,0,0,0,-0.09842455852904086
2026-01-03 23:00:00,36.58,54.62,0.973,15.0,8.77,36.13,19.2,72.27,0,0,0,0,-0.07981693621314301
2026-01-04 00:00:00,28.35,52.46,0.581,23.76,10.36,25.61,19.28,73.18,0,0,0,0,-0.09881247685937139
2026-01-04 01:00:00,11.34,14.08,0.533,23.29,10.98,29.75,21.18,70.2,0,0,0,0,-0.0581082682749669
2026-01-04 02:00:00,45.7,74.7,0.476,16.33,5.49,61.24,44.78,22.83,1,-1,1,1,0.13271665455970622
2026-01-04 03:00:00,41.1,55.09,0.837,23.12,11.32,23.07,22.85,67.45,0,0,0,0,-0.11591936305776984
2026-01-04 04:00:00,198.09,537.54,7.103,234.66,51.04,6.56,22.66,78.02,1,-1,1,1,0.22697770288756552
2026-01-04 05:00:00,39.79,73.28,0.988,28.53,15.46,19.37,24.7,80.33,0,0,0,0,-0.07868753728259109
2026-01-04 06:00:00,39.26,75.42,1.06,33.69,12.88,23.89,26.69,76.51,0,0,0,0,-0.11770165450584757
2026-01-04 07:00:00,53.45,76.36,1.488,40.19,10.75,31.88,27.01,63.23,0,0,0,0,-0.1050716394471845
2026-01-04 08:00:00,50.72,91.73,1.33,41.26,12.04,46.52,29.26,69.56,0,0,0,0,-0.10465132963597568
2026-01-04 09:00:00,55.91,85.85,1.39,42.75,17.01,40.93,29.07,71.32,0,0,0,0,-0.09417677585422463
2026-01-04 10:00:00,46.8,77.41,1.311,36.27,14.25,49.77,30.31,61.39,0,0,0,0,-0.09923948617820033
2026-01-04 11:00:00,34.67,74.21,0.953,39.6,9.45,51.32,30.85,61.85,0,0,0,0,-0.08998258636023287
2026-01-04 12:00:00,25.73,52.14,0.634,22.83,9.99,58.47,30.07,52.91,0,0,0,0,-0.04994821926956078
2026-01-04 13:00:00,31.8,62.02,0.841,26.21,10.66,44.5,31.91,59.31,0,0,0,0,-0.09829118239346835
2026-01-04 14:00:00,22.81,60.54,0.67,20.34,9.1,53.69,30.22,54.72,0,0,0,0,-0.0516369174124095
2026-01-04 15:00:00,37.53,53.48,1.056,25.62,7.99,44.42,29.94,59.53,0,0,0,0,-0.09174056714340961
2026-01-04 16:00:00,59.89,86.98,1.242,28.43,12.5,43.57,29.37,52.82,0,0,0,0,-0.08750450771622531
2026-01-04 17:00:00,57.08,85.51,1.446,33.1,16.76,29.56,28.01,62.63,0,0,0,0,-0.09276863533521323
2026-01-04 18:00:00,58.24,93.04,1.605,38.94,12.99,27.97,26.86,66.09,0,0,0,0,-0.09383121472269146
2026-01-04 19:00:00,55.44,63.23,1.395,46.81,13.32,25.52,24.53,61.76,0,0,0,0,-0.1043691393329077
2026-01-04 20:00:00,40.0,63.51,1.228,46.7,12.31,21.03,22.82,62.91,0,0,0,0,-0.09492352906758816
2026-01-04 21:00:00,38.58,57.13,1.171,28.33,16.74,19.13,22.1,60.69,0,0,0,0,-0.07066602211571571
2026-01-04 22:00:00,48.24,89.0,1.082,31.85,12.84,19.15,19.31,72.06,0,0,0,0,-0.09956875625298384
2026-01-04 23:00:00,27.36,49.37,0.83,19.58,13.14,24.56,19.06,72.32,0,0,0,0,-0.1002272719431404
2026-01-05 00:00:00,40.06,59.11,0.579,18.28,8.67,45.74,43.6,18.14,1,-1,1,1,0.09136387651605021
2026-01-05 01:00:00,22.8,44.69,0.614,25.66,9.71,23.22,19.61,78.19,0,0,0,0,-0.09169488198961384
2026-01-05 02:00:00,17.62,37.75,0.584,17.36,9.79,17.97,21.85,73.37,0,0,0,0,-0.07296353145530471
2026-01-05 03:00:00,18.18,20.78,0.615,20.45,8.12,24.88,21.16,71.98,0,0,0,0,-0.07614166682715928
2026-01-05 04:00:00,191.68,344.74,4.901,149.0,64.11,5.59,22.95,72.63,1,-1,1,1,0.19855322274072845
2026-01-05 05:00:00,29.78,22.43,0.841,31.42,12.93,33.71,26.29,75.95,0,0,0,0,-0.0868765516972616
2026-01-05 06:00:00,85.03,136.32,1.074,32.33,10.15,62.73,49.97,15.36,1,-1,1,1,0.1287002198681521
2026-01-05 07:00:00,46.89,68.46,1.308,43.09,12.69,36.32,28.48,67.88,0,0,0,0,-0.1194779427264917
2026-01-05 08:00:00,58.71,97.76,1.498,42.4,15.43,33.52,27.81,70.45,0,0,0,0,-0.0998886811009419
2026-01-05 09:00:00,51.61,73.81,1.339,45.35,11.35,52.04,29.83,60.3,0,0,0,0,-0.08849985838856067
2026-01-05 10:00:00,44.32,66.96,1.207,39.77,14.84,57.83,29.82,63.79,0,0,0,0,-0.08555166414113163
2026-01-05 11:00:00,42.0,54.59,0.893,24.86,12.36,51.51,31.11,61.79,0,0,0,0,-0.0964345305083108
2026-01-05 12:00:00,31.65,54.28,0.772,26.86,10.8,66.74,32.72,56.67,0,0,0,0,-0.05100154208582047
2026-01-05 13:00:00,27.65,50.73,0.725,23.07,6.35,47.24,29.46,62.19,0,0,0,0,-0.08080801191456599
2026-01-05 14:00:00,34.59,61.91,0.774,28.31,10.64,43.74,31.51,54.69,0,0,0,0,-0.09064243430517888
2026-01-05 15:00:00,39.13,64.71,1.082,33.04,12.73,42.14,30.41,60.34,0,0,0,0,-0.11099362541657515
2026-01-05 16:00:00,39.39,46.51,1.046,35.24,15.78,38.92,28.28,,0,0,0,0,-0.10323827316355327
2026-01-05 17:00:00,49.56,74.33,,37.94,14.21,44.11,25.94,50.66,0,0,0,0,-0.074147965248753
2026-01-05 18:00:00,47.61,73.67,1.296,47.51,15.24,27.04,26.34,67.22,0,0,0,0,-0.11035344381712414
2026-01-05 19:00:00,51.02,79.34,1.408,40.64,10.44,21.89,24.21,52.99,0,0,0,0,-0.07861537648028238
2026-01-05 20:00:00,58.82,97.95,1.372,38.49,13.6,20.55,23.8,64.11,0,0,0,0,-0.09883381915712003
2026-01-05 21:00:00,49.53,98.83,1.258,23.47,15.64,,22.42,73.13,0,0,0,0,-0.0914446234769164
2026-01-05 22:00:00,42.9,80.53,1.011,33.17,10.34,31.3,23.44,68.13,0,0,0,0,-0.12432739395721781
2026-01-05 23:00:00,35.43,46.6,0.883,23.92,13.67,22.15,20.69,67.31,0,0,0,0,-0.10768701990845292
2026-01-06 00:00:00,24.95,49.31,0.453,22.6,12.11,15.24,19.57,71.01,0,0,0,0,-0.07019205035513693
2026-01-06 01:00:00,28.73,55.09,0.615,,11.48,20.07,21.21,79.06,0,0,0,0,-0.09162029077505363
2026-01-06 02:00:00,32.27,43.57,0.872,19.28,10.5,34.51,21.81,67.51,0,0,0,0,-0.10360237897586722
2026-01-06 03:00:00,104.78,137.94,1.551,49.8,16.5,31.35,24.06,78.19,1,-1,1,1,0.016166967069792426
2026-01-06 04:00:00,29.45,46.68,0.901,20.02,14.85,29.0,24.58,73.16,0,0,0,0,-0.1013607534208889
2026-01-06 05:00:00,46.66,60.07,1.202,34.56,14.06,36.98,25.34,67.76,0,0,0,0,-0.12093164675478868
2026-01-06 06:00:00,46.73,82.56,1.263,34.86,13.42,39.9,28.09,67.21,0,0,0,0,-0.12417964314007035
2026-01-06 07:00:00,56.97,96.6,1.402,44.15,12.79,31.99,26.34,66.26,0,0,0,0,-0.11378274001136007
2026-01-06 08:00:00,56.97,91.26,1.398,49.17,,38.21,28.33,70.97,0,0,0,0,-0.10183434078229842
2026-01-06 09:00:00,184.22,190.06,3.99,122.65,25.15,40.13,29.13,68.51,1,-1,1,1,0.16619767556470882
2026-01-06 10:00:00,41.3,59.52,1.15,37.05,13.01,47.12,30.65,56.03,0,0,0,0,-0.09552418965482279
2026-01-06 11:00:00,42.87,78.05,1.248,27.8,13.9,42.19,30.03,60.57,0,0,0,0,-0.10872252222841439
2026-01-06 12:00:00,52.74,86.49,1.054,27.91,11.55,44.14,32.63,55.18,0,0,0,0,-0.07688489340464272
2026-01-06 13:00:00,26.78,46.19,0.895,26.67,7.45,43.87,31.42,63.86,0,0,0,0,-0.07750754239347901
2026-01-06 14:00:00,31.84,56.82,0.797,19.93,11.37,53.77,29.38,54.33,0,0,0,0,-0.07225759138133275
2026-01-06 15:00:00,30.69,36.78,0.958,26.31,7.22,37.5,29.06,65.94,0,0,0,0,-0.08651830498592605
2026-01-06 16:00:00,37.4,50.98,1.157,30.52,11.03,51.07,29.52,58.8,0,0,0,0,-0.10135744575328753
2026-01-06 17:00:00,59.3,71.32,1.307,40.89,12.81,30.52,28.82,55.08,0,0,0,0,-0.09073436316201283
2026-01-06 18:00:00,49.48,88.41,1.319,38.17,14.03,39.16,,57.54,0,0,0,0,-0.11106698751113497
2026-01-06 19:00:00,53.14,73.13,1.353,36.17,17.68,27.99,28.48,58.13,0,0,0,0,-0.07701030135190207
2026-01-06 20:00:00,42.66,71.98,1.177,44.46,7.99,19.14,24.16,61.16,0,0,0,0,-0.07767136128460583
2026-01-06 21:00:00,41.43,72.81,1.228,42.65,17.15,30.98,21.34,70.38,0,0,0,0,-0.09260152026322127
2026-01-06 22:00:00,27.72,52.97,0.889,21.53,10.26,30.92,19.1,68.4,0,0,0,0,-0.10406035142824238
2026-01-06 23:00:00,38.29,48.72,0.943,30.44,12.59,20.43,21.43,63.78,0,0,0,0,-0.10340783369128193
2026-01-07 00:00:00,43.94,71.71,0.93,29.83,9.28,21.4,19.95,73.53,0,0,0,0,-0.1030907274155986
2026-01-07 01:00:00,22.52,57.21,0.482,23.21,12.45,21.28,20.62,68.27,0,0,0,0,-0.08401459298945935
2026-01-07 02:00:00,13.43,42.73,0.632,16.67,9.43,26.4,20.94,72.98,0,0,0,0,-0.07456681227021561
2026-01-07 03:00:00,73.45,164.11,0.76,18.96,11.18,65.72,47.0,21.71,1,-1,1,1,0.13221452767440117
2026-01-07 04:00:00,25.49,46.1,0.79,24.78,6.29,27.67,,69.54,0,0,0,0,-0.08739108063552992
2026-01-07 05:00:00,44.58,61.49,1.116,33.33,12.62,18.64,25.21,80.64,0,0,0,0,-0.08830616064657842
2026-01-07 06:00:00,42.67,79.03,1.27,37.31,14.13,25.96,26.26,71.42,0,0,0,0,-0.11880450720560104
2026-01-07 07:00:00,47.57,76.6,1.317,41.53,12.24,36.89,26.63,71.05,0,0,0,0,-0.11933004444716033
2026-01-07 08:00:00,54.84,97.21,1.286,40.36,16.07,36.45,27.2,61.42,0,0,0,0,-0.10239255545106524
2026-01-07 09:00:00,58.3,88.6,1.459,46.7,16.32,41.55,29.76,62.39,0,0,0,0,-0.08802136229538027
2026-01-07 10:00:00,44.03,70.57,1.194,,10.99,44.08,31.16,63.32,0,0,0,0,-0.10844901792611583
2026-01-07 11:00:00,35.16,59.99,0.873,31.33,15.03,50.83,33.9,54.6,0,0,0,0,-0.06560214533877717
2026-01-07 12:00:00,30.56,53.39,0.829,26.33,11.16,60.4,32.12,62.72,0,0,0,0,-0.0711867250278358
2026-01-07 13:00:00,21.8,41.9,0.648,30.89,10.29,48.67,32.96,52.49,0,0,0,0,-0.04162192219970573
2026-01-07 14:00:00,33.76,48.76,0.725,22.3,11.59,52.89,30.64,57.45,0,0,0,0,-0.09090505717400199
2026-01-07 15:00:00,22.29,20.66,0.804,31.93,10.38,46.28,28.94,57.28,0,0,0,0,-0.06760221230342767
2026-01-07 16:00:00,37.47,81.32,0.977,28.8,5.96,41.24,28.07,60.9,0,0,0,0,-0.08523707342770326
2026-01-07 17:00:00,53.38,117.95,1.285,45.77,12.93,29.49,27.03,58.78,0,0,0,0,-0.08943186966626848
2026-01-07 18:00:00,365.91,533.3,5.391,148.09,80.99,1.19,29.04,58.95,1,-1,1,1,0.24847178091364858
2026-01-07 19:00:00,59.88,82.91,1.615,45.31,17.57,25.15,24.07,64.35,0,0,0,0,-0.06722809910530586
2026-01-07 20:00:00,53.13,78.39,1.398,52.25,16.8,23.85,24.74,62.8,0,0,0,0,-0.07506471420916516
2026-01-07 21:00:00,54.76,96.46,1.34,42.84,15.35,25.04,21.51,71.78,0,0,0,0,-0.09806684407646549
2026-01-07 22:00:00,45.87,91.78,1.087,29.73,12.06,27.76,22.84,70.89,0,0,0,0,-0.11807425553473361
2026-01-07 23:00:00,36.05,44.93,0.949,26.28,9.39,36.23,21.64,71.96,0,0,0,0,-0.10753205350993794
2026-01-08 00:00:00,30.94,49.56,0.837,27.48,9.65,26.52,20.8,72.55,0,0,0,0,-0.11333678474132741
2026-01-08 01:00:00,29.21,50.54,0.763,26.18,15.19,16.04,21.13,78.2,0,0,0,0,-0.08083685116667388
2026-01-08 02:00:00,21.79,46.32,0.685,15.13,8.66,31.99,20.95,75.04,0,0,0,0,-0.0902639943986373
2026-01-08 03:00:00,17.22,24.28,0.646,19.8,4.54,27.59,23.14,73.28,0,0,0,0,-0.05584946537579655
2026-01-08 04:00:00,32.89,35.5,0.726,26.87,13.56,37.15,23.2,75.04,0,0,0,0,-0.10203792620251334
2026-01-08 05:00:00,39.28,72.26,0.932,28.49,15.23,34.17,23.6,80.87,0,0,0,0,-0.08267588877575627
2026-01-08 06:00:00,113.82,240.77,1.266,50.65,16.93,66.62,44.43,15.27,1,-1,1,1,0.17470933284537343
2026-01-08 07:00:00,45.36,73.85,1.241,43.16,14.82,38.55,28.13,71.8,0,0,0,0,-0.1076457110062422
2026-01-08 08:00:00,50.2,87.69,1.315,44.53,15.66,38.54,31.14,57.4,0,0,0,0,-0.0823109793505325
2026-01-08 09:00:00,55.9,86.54,1.276,50.06,13.71,44.17,30.58,65.14,0,0,0,0,-0.09159092843563976
2026-01-08 10:00:00,44.5,63.27,1.075,35.4,7.88,52.03,31.12,68.79,0,0,0,0,-0.07699941317042097
2026-01-08 11:00:00,24.57,52.85,0.808,33.24,,58.93,32.16,62.22,0,0,0,0,-0.07228550887017077
2026-01-08 12:00:00,35.07,62.51,0.866,18.33,12.87,58.68,33.57,58.47,0,0,0,0,-0.044903971035737844
2026-01-08 13:00:00,17.35,34.52,0.56,19.33,9.44,54.39,32.08,55.85,0,0,0,0,-0.018939649518833535
2026-01-08 14:00:00,24.24,58.02,0.725,28.76,10.03,62.77,30.77,58.6,0,0,0,0,-0.0647339003842145
2026-01-08 15:00:00,44.39,60.59,0.981,37.79,10.32,44.51,31.72,56.12,0,0,0,0,-0.08656550340196356
2026-01-08 16:00:00,53.96,82.41,1.307,31.9,11.19,31.86,29.76,55.57,0,0,0,0,-0.09227508113950489
2026-01-08 17:00:00,39.68,67.36,1.14,33.03,16.01,29.91,29.76,57.72,0,0,0,0,-0.08808200194992671
2026-01-08 18:00:00,51.27,77.82,1.435,46.42,17.25,35.79,26.72,62.92,0,0,0,0,-0.09166446655539129
2026-01-08 19:00:00,56.24,102.19,1.489,42.93,13.62,24.74,23.6,62.65,0,0,0,0,-0.09898695446531747
2026-01-08 20:00:00,65.82,106.35,1.441,45.14,15.2,23.61,22.1,64.88,0,0,0,0,-0.07619819492806101
2026-01-08 21:00:00,44.28,61.15,1.201,42.78,10.27,24.49,24.59,61.64,0,0,0,0,-0.11045587681795649
2026-01-08 22:00:00,36.09,60.33,0.906,29.44,13.02,25.05,23.8,70.64,0,0,0,0,-0.12390688458717675
2026-01-08 23:00:00,43.41,73.67,0.992,19.79,16.21,20.09,20.97,75.11,0,0,0,0,-0.08176017303518629
2026-01-09 00:00:00,21.49,46.68,0.556,13.42,6.79,28.19,20.53,75.45,0,0,0,0,-0.0565486811171938
2026-01-09 01:00:00,29.12,52.76,0.74,21.6,11.93,26.74,22.93,77.26,0,0,0,0,-0.11527429519957672
2026-01-09 02:00:00,14.32,29.16,0.433,9.61,10.62,28.6,20.4,76.82,0,0,0,0,-0.042940531666317505
2026-01-09 03:00:00,52.54,104.35,0.691,20.55,11.65,51.52,49.57,21.63,1,-1,1,1,0.08976098351862533
2026-01-09 04:00:00,18.37,28.05,0.708,15.99,13.45,27.59,24.51,74.66,0,0,0,0,-0.0790274943891845
2026-01-09 05:00:00,28.99,39.23,0.952,37.17,15.38,21.44,24.59,72.84,0,0,0,0,-0.09064813288835716
2026-01-09 06:00:00,50.81,87.31,1.197,49.29,12.57,20.52,26.48,68.88,0,0,0,0,-0.105721335502718
2026-01-09 07:00:00,50.86,79.92,1.366,37.8,14.57,49.14,27.71,77.96,0,0,0,0,-0.0862220936757927
2026-01-09 08:00:00,53.49,108.54,1.454,46.78,13.53,47.21,29.63,64.52,0,0,0,0,-0.08817598687636546
2026-01-09 09:00:00,48.0,95.3,1.454,37.72,11.41,52.98,32.05,60.28,0,0,0,0,-0.06719848396891126
2026-01-09 10:00:00,43.99,80.19,1.059,35.58,13.0,45.53,31.34,64.03,0,0,0,0,-0.10811761599770969
2026-01-09 11:00:00,40.03,70.58,0.941,40.31,13.48,52.23,32.56,60.91,0,0,0,0,-0.08344778008169895
2026-01-09 12:00:00,39.63,64.33,1.15,25.25,12.44,46.02,29.51,55.82,0,0,0,0,-0.09716171159207715
2026-01-09 13:00:00,11.14,8.0,0.527,18.93,7.18,47.76,31.72,62.91,0,0,0,1,0.01451313507352392
2026-01-09 14:00:00,25.03,38.71,0.577,18.96,9.48,46.83,30.21,58.6,0,0,0,0,-0.05875114935638731
2026-01-09 15:00:00,36.15,60.86,0.87,34.02,10.61,51.24,28.89,55.23,0,0,0,0,-0.09276614747515455
2026-01-09 16:00:00,312.63,498.26,8.204,144.07,50.51,3.95,28.15,64.92,1,-1,1,1,0.22164019523519557
2026-01-09 17:00:00,50.35,88.72,1.301,37.4,13.73,29.0,27.47,63.45,0,0,0,0,-0.12068208606715702
2026-01-09 18:00:00,56.2,103.79,1.503,44.34,14.54,27.1,27.55,56.32,0,0,0,0,-0.08411533664808979
2026-01-09 19:00:00,52.62,78.53,1.356,42.02,15.42,29.07,23.43,72.99,0,0,0,0,-0.11283917939805799
2026-01-09 20:00:00,49.16,72.91,1.316,47.47,11.03,23.09,23.73,69.28,0,0,0,0,-0.10971724144179434
2026-01-09 21:00:00,45.13,91.87,1.292,44.58,11.24,25.16,21.97,69.39,0,0,0,0,-0.10820137156419846
2026-01-09 22:00:00,46.66,86.24,0.992,27.22,16.09,25.99,21.28,77.71,0,0,0,0,-0.09203321812078274
2026-01-09 23:00:00,27.76,41.12,0.707,36.96,10.41,28.77,22.32,72.34,0,0,0,0,-0.1053454756183358
2026-01-10 00:00:00,23.9,38.16,0.627,13.29,10.46,27.8,21.57,73.47,0,0,0,0,-0.08540155857952064
2026-01-10 01:00:00,26.07,41.78,0.613,27.38,10.22,24.07,22.71,70.95,0,0,0,0,-0.10182159354478032
2026-01-10 02:00:00,35.46,58.9,0.77,23.91,14.04,22.52,21.47,77.83,0,0,0,0,-0.11011098882561288
2026-01-10 03:00:00,24.01,45.29,0.578,19.34,12.98,20.95,21.69,77.72,0,0,0,0,-0.0912213703993427
2026-01-10 04:00:00,36.72,91.0,0.9,24.57,14.12,19.07,23.39,74.51,0,0,0,0,-0.09307343561678355
2026-01-10 05:00:00,45.39,77.17,1.064,32.09,12.6,27.13,25.27,69.42,0,0,0,0,-0.1290735876259106
2026-01-10 06:00:00,44.2,80.89,1.223,38.18,10.5,33.11,26.61,71.4,0,0,0,0,-0.12062090068407555
2026-01-10 07:00:00,50.65,63.34,1.378,38.45,17.3,26.06,26.52,69.89,0,0,0,0,-0.093691738503274
2026-01-10 08:00:00,53.79,82.93,1.46,,15.26,40.81,29.25,61.34,0,0,0,0,-0.1014880073147641
2026-01-10 09:00:00,51.66,99.98,1.259,39.4,12.16,48.48,30.55,58.41,0,0,0,0,-0.0890567514623537
2026-01-10 10:00:00,51.75,90.21,1.31,32.61,16.31,41.48,34.16,62.01,0,0,0,0,-0.06348679869920415
2026-01-10 11:00:00,40.98,14.95,0.999,27.4,10.92,51.98,33.94,48.25,0,0,0,0,-0.013235611341362863
2026-01-10 12:00:00,249.07,598.87,6.772,147.96,95.59,6.76,30.85,61.06,1,-1,1,1,0.25564030375494734
2026-01-10 13:00:00,22.33,59.86,0.767,20.49,13.49,55.61,31.33,56.85,0,0,0,0,-0.06254475545386873
2026-01-10 14:00:00,23.35,14.58,0.65,25.5,8.31,39.83,29.37,64.97,0,0,0,0,-0.054812242408592726
2026-01-10 15:00:00,49.82,100.44,1.189,31.63,14.26,47.12,29.53,57.12,0,0,0,0,-0.0928087283147952
2026-01-10 16:00:00,39.25,31.5,1.159,42.69,13.65,37.37,29.48,61.61,0,0,0,0,-0.08013935757697244
2026-01-10 17:00:00,42.75,81.8,1.25,27.05,18.03,39.63,29.21,57.79,0,0,0,0,-0.07176501048257511
2026-01-10 18:00:00,63.5,104.67,1.447,48.37,12.72,22.62,25.46,63.71,0,0,0,0,-0.09131504897835901
2026-01-10 19:00:00,170.47,155.48,1.31,46.29,16.88,49.84,42.91,14.39,1,-1,1,1,0.14936637892441468
2026-01-10 20:00:00,57.12,99.61,1.535,48.83,13.75,20.0,21.0,67.25,0,0,0,0,-0.07707901935799416
2026-01-10 21:00:00,45.44,88.79,1.231,42.21,9.81,,22.23,73.18,0,0,0,0,-0.10626590787875284
2026-01-10 22:00:00,37.46,66.18,0.962,31.61,11.48,21.16,20.27,68.28,0,0,0,0,-0.11336324909990675
2026-01-10 23:00:00,31.43,58.88,0.951,28.09,11.15,23.56,20.36,74.65,0,0,0,0,-0.11450605730901237
2026-01-11 00:00:00,14.04,18.23,0.458,14.71,7.07,19.99,19.75,78.92,0,0,0,0,-0.0098259338038017
2026-01-11 01:00:00,23.37,16.23,0.607,23.46,11.02,28.4,20.87,77.9,0,0,0,0,-0.07679725818403599
2026-01-11 02:00:00,25.79,50.86,0.72,11.83,12.69,25.27,19.41,85.02,0,0,0,0,-0.044758355187827115
2026-01-11 03:00:00,39.53,86.22,0.776,28.84,12.48,16.03,20.63,73.71,0,0,0,0,-0.09238519230724235
2026-01-11 04:00:00,31.52,65.57,0.811,25.47,9.96,34.78,26.08,66.51,0,0,0,0,-0.1181533845413229
2026-01-11 05:00:00,20.31,9.66,0.862,24.8,9.7,27.55,23.3,70.39,0,0,0,0,-0.0713931504810657
2026-01-11 06:00:00,43.58,53.72,1.188,35.85,12.35,28.4,24.94,75.02,0,0,0,0,-0.12022209823654856
2026-01-11 07:00:00,71.39,107.64,1.711,46.4,15.62,37.73,29.88,69.14,0,0,0,0,-0.04018212008482808
2026-01-11 08:00:00,61.83,,1.63,53.65,16.62,43.19,32.48,64.18,0,0,0,0,-0.028035295858301224
2026-01-11 09:00:00,47.43,78.78,1.324,58.57,13.34,49.16,28.72,61.45,0,0,0,0,-0.07127595406249809
2026-01-11 10:00:00,49.44,86.3,1.056,44.32,9.86,46.17,30.55,,0,0,0,0,-0.0909813482888216
2026-01-11 11:00:00,33.34,37.84,0.845,27.13,10.1,57.47,31.94,55.56,0,0,0,0,-0.06296529015280755
2026-01-11 12:00:00,22.54,46.51,0.782,27.31,10.62,56.27,33.79,62.23,0,0,0,0,-0.06262005449713359
2026-01-11 13:00:00,26.14,50.34,0.605,26.72,13.09,54.11,30.33,71.09,0,0,0,0,-0.07135213568812149
2026-01-11 14:00:00,31.33,45.12,0.778,20.3,13.99,51.57,30.67,60.04,0,0,0,0,-0.08975159901856428
2026-01-11 15:00:00,21.37,33.19,0.766,19.03,14.04,54.21,31.01,60.09,0,0,0,0,-0.04868364539977593
2026-01-11 16:00:00,32.98,,1.086,31.25,11.59,45.32,29.45,57.02,0,0,0,0,-0.10897521502362806
2026-01-11 17:00:00,48.68,76.34,1.215,43.32,14.55,31.51,27.15,54.0,0,0,0,0,-0.08823292246954956
2026-01-11 18:00:00,51.01,84.25,1.324,35.47,9.9,24.6,26.01,60.35,0,0,0,0,-0.10653023128314681
2026-01-11 19:00:00,58.8,99.04,1.499,42.96,14.83,24.15,23.08,61.82,0,0,0,0,-0.0887705635197365
2026-01-11 20:00:00,45.24,79.2,1.335,45.24,10.16,21.98,23.11,61.41,0,0,0,0,-0.10142402861214755
2026-01-11 21:00:00,51.05,87.16,1.277,39.96,12.97,18.87,21.93,76.36,0,0,0,0,-0.0997886215618487
2026-01-11 22:00:00,30.97,47.93,1.027,38.22,17.76,15.25,21.65,72.11,0,0,0,0,-0.05872123118764022
2026-01-11 23:00:00,44.06,76.13,0.945,22.69,13.07,15.48,20.14,75.18,0,0,0,0,-0.08820013576931984
2026-01-12 00:00:00,,32.52,0.517,29.87,7.34,37.25,21.18,72.7,0,0,0,0,-0.0651436459437243
2026-01-12 01:00:00,16.84,26.64,0.598,11.4,10.58,24.34,22.01,73.54,0,0,0,0,-0.07057657373064014
2026-01-12 02:00:00,27.29,48.85,0.664,11.38,9.59,35.66,21.52,79.32,0,0,0,0,-0.0735112285678528
2026-01-12 03:00:00,38.09,60.62,0.915,24.38,9.7,28.07,22.62,74.84,0,0,0,0,-0.11695338039582975
2026-01-12 04:00:00,31.98,45.0,0.837,20.0,15.82,27.11,23.39,76.57,0,0,0,0,-0.09550877641677297
2026-01-12 05:00:00,40.37,72.88,1.079,31.06,14.38,20.14,24.65,72.36,0,0,0,0,-0.11321974140208402
2026-01-12 06:00:00,44.84,67.33,1.202,36.9,13.24,27.71,25.19,70.79,0,0,0,0,-0.1259706708239932
2026-01-12 07:00:00,45.69,80.03,1.333,41.08,11.71,44.12,27.85,63.34,0,0,0,0,-0.11299537835491763
2026-01-12 08:00:00,52.9,87.62,1.382,41.17,12.61,46.81,28.68,59.28,0,0,0,0,-0.10540795926730268
2026-01-12 09:00:00,44.61,69.96,1.239,44.01,15.85,48.33,32.43,61.56,0,0,0,0,-0.07595322810473537
2026-01-12 10:00:00,36.9,56.94,1.19,34.12,12.36,45.06,32.67,61.32,0,0,0,0,-0.08928615413379515
2026-01-12 11:00:00,41.35,62.14,1.081,37.08,5.35,46.58,31.79,55.45,0,0,0,0,-0.05702086403827383
2026-01-12 12:00:00,24.37,20.46,0.661,23.63,15.76,48.33,30.59,60.33,0,0,0,0,-0.04645858442758499
2026-01-12 13:00:00,32.06,57.49,0.815,19.72,11.61,57.05,29.97,60.21,0,0,0,0,-0.08423026803159056
2026-01-12 14:00:00,22.89,40.54,,14.8,11.04,59.92,32.18,48.59,0,0,0,0,-0.0004774796091734923
2026-01-12 15:00:00,37.15,71.5,0.883,27.63,14.11,46.65,30.18,54.85,0,0,0,0,-0.09435578859959937
2026-01-12 16:00:00,37.17,54.96,1.095,26.06,12.74,39.63,29.29,60.77,0,0,0,0,-0.10984642956423696
2026-01-12 17:00:00,57.26,117.23,1.354,34.25,15.37,38.93,25.28,64.46,0,0,0,0,-0.09150926361712175
2026-01-12 18:00:00,56.49,88.66,1.451,47.26,12.72,23.31,27.06,57.2,0,0,0,0,-0.09343124526086544
2026-01-12 19:00:00,64.32,95.62,1.328,38.78,11.73,25.88,25.06,65.05,0,0,0,0,-0.10651701077493092
2026-01-12 20:00:00,47.2,65.95,1.299,49.82,13.34,26.75,21.84,72.43,0,0,0,0,-0.09782001806561641
2026-01-12 21:00:00,46.82,56.45,1.266,39.71,15.83,19.82,21.46,73.0,0,0,0,0,-0.09269782112947295
2026-01-12 22:00:00,32.54,72.08,0.999,31.23,9.83,22.38,21.46,70.81,0,0,0,0,-0.11307788813610309
2026-01-12 23:00:00,30.1,66.12,0.918,21.79,9.41,21.5,20.64,71.34,0,0,0,0,-0.10432814097074594
2026-01-13 00:00:00,22.63,44.54,0.613,23.97,12.95,32.35,20.03,72.45,0,0,0,0,-0.09761031376782292
2026-01-13 01:00:00,18.95,20.52,0.574,19.5,8.89,35.57,20.43,77.52,0,0,0,0,-0.05948178223517242
2026-01-13 02:00:00,,48.37,0.455,15.86,8.71,27.18,20.79,76.9,0,0,0,0,-0.06581812377094326
2026-01-13 03:00:00,16.2,22.51,0.569,21.29,8.8,26.47,22.14,77.92,0,0,0,0,-0.07521550611987465
2026-01-13 04:00:00,13.73,19.42,0.506,13.61,9.23,27.5,24.85,73.66,0,0,0,0,-0.04219071536502944
2026-01-13 05:00:00,28.23,63.82,0.722,20.65,7.36,25.88,21.32,79.41,0,0,0,0,-0.0797017626890767
2026-01-13 06:00:00,48.95,88.67,1.149,32.49,11.71,24.83,25.53,72.23,0,0,0,0,-0.11763151028240648
2026-01-13 07:00:00,40.64,93.48,1.363,42.79,12.57,34.31,27.44,72.48,0,0,0,0,-0.10851243051111387
2026-01-13 08:00:00,45.47,78.01,1.322,43.88,13.04,42.03,28.9,70.47,0,0,0,0,-0.11243091628460711
2026-01-13 09:00:00,65.55,103.39,1.559,51.28,17.1,39.95,29.23,62.27,0,0,0,0,-0.0535387918546637
2026-01-13 10:00:00,118.79,116.43,1.11,32.09,16.23,,47.69,16.48,1,-1,1,1,0.1238957837189964
2026-01-13 11:00:00,39.46,42.95,0.864,34.06,15.27,,31.47,67.06,0,0,0,0,-0.08274290210021817
2026-01-13 12:00:00,36.87,57.5,0.968,26.46,13.7,52.22,33.32,59.04,0,0,0,0,-0.0739288337314209
2026-01-13 13:00:00,35.19,71.8,0.664,20.45,11.19,47.45,29.21,53.82,0,0,0,0,-0.07055239501683591
2026-01-13 14:00:00,20.62,41.2,0.631,24.71,8.69,55.21,31.53,54.94,0,0,0,0,-0.03978581242823276
2026-01-13 15:00:00,32.59,,0.869,27.25,11.3,36.4,29.21,62.47,0,0,0,0,-0.1152700407039205
2026-01-13 16:00:00,29.49,36.71,0.945,27.72,12.24,48.97,28.38,58.84,0,0,0,0,-0.09068321663788093
2026-01-13 17:00:00,65.01,109.99,1.399,42.76,16.31,31.6,25.85,60.35,0,0,0,0,-0.07903910475890741
2026-01-13 18:00:00,41.71,80.98,1.117,41.02,13.54,31.13,25.28,69.02,0,0,0,0,-0.1263169149329907
2026-01-13 19:00:00,48.96,85.95,1.321,43.82,12.63,31.45,25.81,59.55,0,0,0,0,-0.11694561506680734
2026-01-13 20:00:00,46.21,78.25,1.258,40.5,14.35,22.58,23.61,63.56,0,0,0,0,-0.11448237276016182
2026-01-13 21:00:00,36.46,50.59,1.053,30.31,14.42,22.73,23.84,68.6,0,0,0,0,-0.11592700730457783
2026-01-13 22:00:00,48.74,90.82,1.234,35.07,14.81,19.52,22.28,72.01,0,0,0,0,-0.10287382085441821
2026-01-13 23:00:00,49.53,44.15,0.977,26.83,12.88,22.06,20.84,75.03,0,0,0,0,-0.10661907446870361
2026-01-14 00:00:00,20.65,38.67,0.63,14.65,8.23,30.91,22.2,76.66,0,0,0,0,-0.08000562384104615
2026-01-14 01:00:00,14.95,55.52,0.552,17.51,7.61,23.82,20.81,76.1,0,0,0,0,-0.06031459699681724
2026-01-14 02:00:00,8.96,8.0,0.553,21.53,7.4,31.28,21.82,77.15,0,0,0,0,-0.034459822106277516
2026-01-14 03:00:00,24.71,37.87,0.677,22.92,11.04,14.39,21.33,75.1,0,0,0,0,-0.07945148285488346
2026-01-14 04:00:00,27.72,45.64,0.838,22.16,11.92,25.4,22.89,75.15,0,0,0,0,-0.11712061782438521
2026-01-14 05:00:00,31.59,46.57,0.896,26.64,8.05,33.14,23.29,74.8,0,0,0,0,-0.10401967053949995
2026-01-14 06:00:00,46.17,88.62,1.237,40.71,11.51,28.08,26.73,71.64,0,0,0,0,-0.11917257356687355
2026-01-14 07:00:00,54.41,95.44,1.287,31.81,13.98,27.55,25.53,74.14,0,0,0,0,-0.1097439183250396
2026-01-14 08:00:00,57.48,96.68,1.276,50.28,11.77,35.75,29.2,68.94,0,0,0,0,-0.09508935238055727
2026-01-14 09:00:00,50.4,92.73,1.389,33.63,13.99,28.29,29.16,65.73,0,0,0,0,-0.1102948445510819
2026-01-14 10:00:00,38.43,63.61,1.145,28.94,11.17,44.68,,58.77,0,0,0,0,-0.1005808549922661
2026-01-14 11:00:00,42.57,108.4,1.083,29.24,10.67,56.44,31.69,60.96,0,0,0,0,-0.07174533407135608
2026-01-14 12:00:00,32.58,55.57,,37.02,11.37,51.16,33.15,58.05,0,0,0,0,-0.08133535826885063
2026-01-14 13:00:00,36.15,61.99,0.968,33.75,12.48,49.43,31.64,59.26,0,0,0,0,-0.0975619700340421
2026-01-14 14:00:00,35.14,37.45,0.813,29.22,9.65,35.4,28.32,69.51,0,0,0,0,-0.10992899568420067
2026-01-14 15:00:00,51.04,94.52,0.814,27.81,9.95,80.62,44.39,23.13,1,-1,1,1,0.10127444991974749
2026-01-14 16:00:00,30.29,63.74,0.983,21.72,12.06,45.5,26.76,63.11,0,0,0,0,-0.10483735916024728
2026-01-14 17:00:00,41.91,53.12,1.318,38.71,10.51,36.64,26.2,66.36,0,0,0,0,-0.11508707348871267
2026-01-14 18:00:00,46.27,50.46,1.294,39.83,8.98,22.87,27.2,62.08,0,0,0,0,-0.10383210004841104
2026-01-14 19:00:00,59.92,99.26,1.464,42.7,10.61,22.6,24.72,74.07,0,0,0,0,-0.0915048001489911
2026-01-14 20:00:00,55.58,108.15,1.311,45.21,12.64,23.39,21.77,66.89,0,0,0,0,-0.09618736496476876
2026-01-14 21:00:00,54.21,89.95,1.452,38.03,10.52,16.32,20.24,72.28,0,0,0,0,-0.07381590645564085
2026-01-14 22:00:00,42.42,65.95,1.114,37.78,11.48,13.79,20.61,68.75,0,0,0,0,-0.0954771006323823
2026-01-14 23:00:00,233.85,590.65,4.476,237.28,41.61,4.66,18.55,73.69,1,-1,1,1,0.22223397279892004
2026-01-15 00:00:00,32.35,58.81,0.996,22.47,8.2,26.23,19.01,76.89,0,0,0,0,-0.0936097778420496
2026-01-15 01:00:00,27.14,52.72,0.712,16.75,10.09,28.07,20.36,79.1,0,0,0,0,-0.09210090457928782
2026-01-15 02:00:00,25.18,20.17,0.566,19.05,15.21,31.08,21.91,76.39,0,0,0,0,-0.062411280037145966
2026-01-15 03:00:00,36.16,73.29,0.809,25.81,12.51,18.02,22.11,80.46,0,0,0,0,-0.08540313844644581
2026-01-15 04:00:00,30.49,59.5,0.73,19.79,10.24,24.53,19.76,77.34,0,0,0,0,-0.10106771117794605
2026-01-15 05:00:00,34.31,70.2,0.911,30.86,11.09,26.5,24.19,72.23,0,0,0,0,-0.11925351065879447
2026-01-15 06:00:00,37.48,68.84,1.066,34.73,12.69,28.11,25.32,82.86,0,0,0,0,-0.09147460812157804
2026-01-15 07:00:00,56.9,101.73,1.39,40.99,17.42,31.84,27.14,71.18,0,0,0,0,-0.08820667088261441
2026-01-15 08:00:00,64.54,112.73,1.461,45.36,13.29,35.65,29.9,63.21,0,0,0,0,-0.08330874830609075
2026-01-15 09:00:00,52.34,96.78,1.51,42.62,11.57,25.85,26.61,65.07,0,0,0,0,-0.10710604276620744
2026-01-15 10:00:00,55.11,69.1,1.334,35.51,10.48,51.7,29.24,60.42,0,0,0,0,-0.09442699702393498
2026-01-15 11:00:00,438.46,549.12,7.037,227.79,53.18,5.43,31.19,64.88,1,-1,1,1,0.24736080700177426
2026-01-15 12:00:00,31.8,43.64,0.893,24.63,8.09,42.78,28.76,60.66,0,0,0,0,-0.09286095539242134
2026-01-15 13:00:00,29.74,47.51,0.81,21.02,9.95,55.28,32.23,58.47,0,0,0,0,-0.074593355293955
2026-01-15 14:00:00,25.76,47.17,0.759,31.77,8.58,47.58,30.34,58.61,0,0,0,0,-0.0897034730607087
2026-01-15 15:00:00,265.07,409.66,7.726,137.13,86.29,5.59,30.02,61.58,1,-1,1,1,0.24485904474624015
2026-01-15 16:00:00,40.49,80.21,1.069,31.15,10.93,35.06,27.17,57.66,0,0,0,0,-0.11290179484649004
2026-01-15 17:00:00,45.46,88.78,1.276,39.37,13.42,37.04,27.49,56.63,0,0,0,0,-0.10650705633209911
2026-01-15 18:00:00,53.71,78.15,1.468,38.93,9.84,23.85,26.36,63.34,0,0,0,0,-0.09835455343225058
2026-01-15 19:00:00,41.33,71.05,1.306,40.88,12.42,21.41,23.92,67.84,0,0,0,0,-0.11928464959868906
2026-01-15 20:00:00,47.56,68.3,1.317,41.23,10.11,30.73,22.58,69.0,0,0,0,0,-0.11487617636019676
2026-01-15 21:00:00,54.04,86.91,1.448,34.12,12.47,22.53,21.47,66.64,0,0,0,0,-0.10714479874473859
2026-01-15 22:00:00,34.42,60.65,0.946,33.77,16.31,22.62,19.23,75.91,0,0,0,0,-0.09373999128819244
2026-01-15 23:00:00,27.21,8.0,0.838,23.85,12.77,27.81,19.52,71.25,0,0,0,0,-0.07177257762553307
2026-01-16 00:00:00,,84.22,0.793,20.55,11.07,20.2,19.32,73.53,0,0,0,0,-0.08967598334838034
2026-01-16 01:00:00,34.03,62.95,0.72,19.68,18.44,21.88,20.13,72.14,0,0,0,0,-0.05769112130727566
2026-01-16 02:00:00,27.83,38.76,0.637,36.43,8.77,27.52,21.41,80.77,0,0,0,0,-0.07678011854247446
2026-01-16 03:00:00,22.66,60.52,0.634,18.27,12.83,17.35,19.8,80.04,0,0,0,0,-0.06197823324134133
2026-01-16 04:00:00,,41.9,0.737,14.52,7.42,27.66,22.05,78.08,0,0,0,0,-0.07048969905809221
2026-01-16 05:00:00,30.2,51.43,0.777,21.22,10.48,25.46,25.29,77.56,0,0,0,0,-0.10972365455675309
2026-01-16 06:00:00,36.19,53.88,1.031,39.34,8.65,31.78,24.03,84.45,0,0,0,0,-0.07115084326564558
2026-01-16 07:00:00,45.45,94.81,1.321,48.69,13.11,35.16,25.35,64.39,0,0,0,0,-0.10715665136963037
2026-01-16 08:00:00,51.35,83.47,1.515,41.66,13.26,40.54,27.89,64.95,0,0,0,0,-0.10810937999074616
2026-01-16 09:00:00,45.74,77.26,1.348,48.46,11.9,36.43,29.78,62.52,0,0,0,0,-0.10729031986407067
2026-01-16 10:00:00,35.01,72.21,0.861,39.04,13.9,47.75,29.65,60.42,0,0,0,0,-0.10206742499439819
2026-01-16 11:00:00,,72.99,1.065,30.34,10.75,45.59,31.76,56.31,0,0,0,0,-0.09091215028189742
2026-01-16 12:00:00,34.07,55.57,0.815,25.17,12.13,52.14,31.37,58.57,0,0,0,0,-0.09633156631459722
2026-01-16 13:00:00,42.43,83.34,0.961,27.52,14.05,39.1,31.15,54.06,0,0,0,0,-0.08700299264539196
2026-01-16 14:00:00,25.98,,0.738,28.25,7.34,42.01,30.25,60.29,0,0,0,0,-0.07933047512947367
2026-01-16 15:00:00,36.84,64.6,0.909,30.41,10.04,52.83,31.49,57.54,0,0,0,0,-0.09328372610961094
2026-01-16 16:00:00,42.54,71.6,1.075,30.1,12.37,40.66,27.3,62.86,0,0,0,0,-0.1199657081902955
2026-01-16 17:00:00,45.43,77.01,1.22,37.76,13.93,29.26,23.8,66.28,0,0,0,0,-0.1262513274438099
2026-01-16 18:00:00,58.6,112.41,1.574,54.95,16.99,23.12,26.69,64.56,0,0,0,0,-0.05142806653667448
2026-01-16 19:00:00,61.1,93.63,1.529,48.28,13.64,18.47,22.78,64.97,0,0,0,0,-0.07741375887310598
2026-01-16 20:00:00,54.3,86.26,1.502,48.53,12.73,24.98,22.12,76.58,0,0,0,0,-0.08430091781962534
2026-01-16 21:00:00,44.99,55.78,1.292,41.24,10.58,23.45,22.41,69.98,0,0,0,0,-0.11551575984850754
2026-01-16 22:00:00,78.15,119.77,1.073,33.78,12.46,68.72,45.24,20.86,1,-1,1,1,0.09982668205317818
2026-01-16 23:00:00,23.39,32.37,0.618,26.16,9.68,22.34,17.89,71.69,0,0,0,0,-0.07840320874373158
2026-01-17 00:00:00,19.04,30.75,0.676,23.92,9.3,23.43,17.27,70.5,0,0,0,0,-0.06854564621025044
2026-01-17 01:00:00,19.68,53.7,,23.25,9.76,17.16,18.41,77.54,0,0,0,0,-0.07238264557241303
2026-01-17 02:00:00,16.89,34.3,0.628,20.76,10.9,24.39,20.43,75.96,0,0,0,0,-0.09278866216480502
2026-01-17 03:00:00,29.6,37.89,0.668,19.5,9.72,26.68,21.39,74.21,0,0,0,0,-0.10124994565218859
2026-01-17 04:00:00,37.35,52.89,0.795,28.67,10.04,23.9,22.22,83.55,0,0,0,0,-0.08274198785708264
2026-01-17 05:00:00,29.41,65.02,1.042,28.72,11.89,23.49,21.51,78.17,0,0,0,0,-0.11063616270407339
2026-01-17 06:00:00,45.87,89.21,1.122,35.93,5.93,26.2,21.84,78.08,0,0,0,0,-0.07707925626580142
2026-01-17 07:00:00,45.24,74.98,1.389,55.36,11.2,40.69,26.09,66.83,0,0,0,0,-0.08287884397737333
2026-01-17 08:00:00,53.55,83.05,1.45,37.82,10.82,37.96,26.77,64.91,0,0,0,0,-0.11404642775767049
2026-01-17 09:00:00,47.77,92.32,1.294,,15.42,49.28,29.01,65.83,0,0,0,0,-0.09760055904445775
2026-01-17 10:00:00,49.75,70.17,1.243,33.97,12.01,50.37,30.17,64.04,0,0,0,0,-0.10608341076373279
2026-01-17 11:00:00,33.87,60.59,0.836,30.72,10.15,55.95,30.03,54.76,0,0,0,0,-0.08263117601823866
2026-01-17 12:00:00,39.41,92.31,0.922,40.38,11.83,48.36,30.95,59.43,0,0,0,0,-0.08812077939568586
2026-01-17 13:00:00,28.14,48.89,0.666,18.94,9.5,50.14,30.11,59.92,0,0,0,0,-0.07827312658251034
2026-01-17 14:00:00,26.33,34.14,0.712,20.31,9.75,48.36,29.91,58.39,0,0,0,0,-0.0787094070221131
2026-01-17 15:00:00,25.99,47.8,0.868,26.17,10.81,47.15,27.54,57.63,0,0,0,0,-0.0967685241019805
2026-01-17 16:00:00,42.57,64.59,1.103,29.25,11.33,42.52,27.02,59.02,0,0,0,0,-0.11055897102764911
2026-01-17 17:00:00,54.03,72.41,1.207,44.77,12.46,32.9,26.13,61.44,0,0,0,0,-0.11387384759825453
2026-01-17 18:00:00,55.4,99.83,1.497,41.73,11.32,31.25,25.45,63.63,0,0,0,0,-0.10719394765164908
2026-01-17 19:00:00,70.88,130.36,1.647,52.25,12.55,19.89,22.55,69.08,0,0,0,0,-0.018187272821017564
2026-01-17 20:00:00,62.52,99.42,1.47,39.18,14.38,27.76,22.31,72.24,0,0,0,0,-0.08854476342156536
2026-01-17 21:00:00,44.64,69.13,1.272,29.44,13.14,28.31,20.22,69.83,0,0,0,0,-0.11867944159250682
2026-01-17 22:00:00,37.14,49.75,1.004,31.23,8.57,26.73,19.51,71.12,0,0,0,0,-0.10780938915767091
2026-01-17 23:00:00,35.82,57.3,0.816,20.26,13.25,24.67,20.08,75.47,0,0,0,0,-0.10773660974683913
2026-01-18 00:00:00,17.66,22.4,0.718,26.75,11.45,26.15,16.5,80.59,0,0,0,0,-0.02770913136253117
2026-01-18 01:00:00,32.31,41.18,0.747,14.53,13.38,17.56,17.51,76.54,0,0,0,0,-0.06357810059624408
2026-01-18 02:00:00,26.6,66.6,0.681,16.2,11.32,23.87,17.82,81.95,0,0,0,0,-0.06048110911694049
2026-01-18 03:00:00,27.27,50.59,0.686,24.57,12.13,24.17,17.66,83.35,0,0,0,0,-0.0649567562259899
2026-01-18 04:00:00,33.96,62.91,0.944,23.14,,18.16,20.78,81.97,0,0,0,0,-0.08031580316080572
2026-01-18 05:00:00,47.5,88.97,1.059,25.08,12.09,28.55,23.81,81.02,0,0,0,0,-0.09074392244725388
2026-01-18 06:00:00,46.03,85.2,1.077,47.71,10.3,20.23,23.98,69.79,0,0,0,0,-0.10194072664879633
2026-01-18 07:00:00,51.24,79.59,1.315,38.16,9.75,30.27,25.97,70.72,0,0,0,0,-0.11708704416483046
2026-01-18 08:00:00,65.95,112.08,1.695,47.01,18.46,37.62,28.35,67.53,0,0,0,0,-0.03172203025235343
2026-01-18 09:00:00,59.52,94.97,1.535,43.78,17.84,39.41,29.77,64.61,0,0,0,0,-0.06985647873697631
2026-01-18 10:00:00,43.54,77.11,1.151,40.59,10.32,,28.95,61.85,0,0,0,0,-0.11401186084629361
2026-01-18 11:00:00,38.61,67.8,1.107,33.33,10.26,51.44,31.2,55.19,0,0,0,0,-0.09189130490376202
2026-01-18 12:00:00,33.46,50.62,0.912,22.22,10.63,46.93,29.86,61.5,0,0,0,0,-0.10837430814677884
2026-01-18 13:00:00,32.59,37.81,0.785,23.02,13.95,52.16,28.55,58.2,0,0,0,0,-0.08453244126070009
2026-01-18 14:00:00,21.08,36.53,0.667,21.74,7.28,44.61,28.28,61.06,0,0,0,0,-0.06295148757881158
2026-01-18 15:00:00,23.83,36.86,0.795,29.57,6.06,54.98,26.33,58.8,0,0,0,0,-0.04535829593106466
2026-01-18 16:00:00,34.72,34.6,0.922,26.07,16.24,37.78,25.89,57.8,0,0,0,0,-0.07570829880822788
2026-01-18 17:00:00,40.72,73.28,1.166,47.78,12.76,26.9,25.19,63.94,0,0,0,0,-0.11082329030184196
2026-01-18 18:00:00,48.93,92.31,1.375,39.31,13.89,22.32,25.15,64.14,0,0,0,0,-0.11277335008490852
2026-01-18 19:00:00,59.89,129.16,1.381,46.73,13.54,31.58,24.81,66.95,0,0,0,0,-0.08506129165902487
2026-01-18 20:00:00,289.54,478.65,4.159,199.39,85.02,7.69,19.75,78.97,1,-1,1,1,0.23392671313262098
2026-01-18 21:00:00,47.96,72.67,1.228,32.64,,16.54,20.73,71.66,0,0,0,0,-0.10064465050119192
2026-01-18 22:00:00,30.23,36.56,1.017,,9.17,27.06,18.13,76.13,0,0,0,0,-0.08793673412645503
2026-01-18 23:00:00,29.92,51.87,0.691,22.07,11.22,21.88,19.39,70.04,0,0,0,0,-0.10556492661364653
2026-01-19 00:00:00,392.27,452.42,8.468,169.43,91.86,1.22,18.46,71.24,1,-1,1,1,0.26899457151055245
2026-01-19 01:00:00,27.29,35.3,0.649,16.29,10.06,26.39,16.6,85.43,0,0,0,0,-0.017063893361239313
2026-01-19 02:00:00,20.05,30.99,0.686,23.55,9.2,27.27,20.45,72.73,0,0,0,0,-0.0987804819246873
2026-01-19 03:00:00,27.71,21.98,0.72,18.68,10.11,36.23,19.47,73.63,0,0,0,0,-0.07536975300242282
2026-01-19 04:00:00,45.14,85.61,,23.84,11.3,14.98,20.69,76.73,0,0,0,0,-0.07853799251189936
2026-01-19 05:00:00,35.92,50.02,1.015,28.4,9.4,21.04,21.36,75.75,0,0,0,0,-0.1085874179646934
2026-01-19 06:00:00,39.93,65.46,1.095,41.25,7.98,25.17,23.27,70.28,0,0,0,0,-0.10308965401019637
2026-01-19 07:00:00,50.97,66.97,1.385,44.18,13.41,43.75,25.98,69.43,0,0,0,0,-0.1091228401687167
2026-01-19 08:00:00,55.29,84.24,1.433,45.36,12.87,45.86,26.56,74.01,0,0,0,0,-0.09318217700603271
2026-01-19 09:00:00,51.86,82.21,1.446,36.13,10.16,48.96,28.31,63.09,0,0,0,0,-0.09904194976835201
2026-01-19 10:00:00,45.94,75.66,1.094,31.8,12.73,42.82,29.21,58.63,0,0,0,0,-0.10999498054387474
2026-01-19 11:00:00,27.33,50.85,0.796,22.37,10.08,48.58,30.9,65.16,0,0,0,0,-0.09766505603406139
2026-01-19 12:00:00,25.1,58.68,0.788,31.21,9.5,47.02,29.08,63.79,0,0,0,0,-0.10879767826826875
2026-01-19 13:00:00,28.83,56.37,0.86,26.55,6.14,44.86,27.53,59.71,0,0,0,0,-0.0800389852424348
2026-01-19 14:00:00,30.36,61.64,0.616,20.43,12.54,56.53,30.02,52.82,0,0,0,0,-0.044791481967909386
2026-01-19 15:00:00,30.76,68.1,0.962,24.39,8.36,42.65,27.46,57.98,0,0,0,0,-0.0942661900620329
2026-01-19 16:00:00,39.44,71.91,1.034,28.73,12.08,39.24,28.05,60.04,0,0,0,0,-0.11796602646596299
2026-01-19 17:00:00,47.54,78.0,1.097,34.63,10.98,36.53,25.83,67.08,0,0,0,0,-0.12237878453366574
2026-01-19 18:00:00,60.06,111.21,1.244,47.64,13.15,16.58,23.78,60.62,0,0,0,0,-0.066897016563358
2026-01-19 19:00:00,54.86,103.4,1.334,44.34,16.02,24.91,22.93,65.99,0,0,0,0,-0.09818834802356435
2026-01-19 20:00:00,55.61,99.54,1.429,54.85,14.73,19.62,23.51,69.54,0,0,0,0,-0.07230418353842444
2026-01-19 21:00:00,44.19,55.46,1.202,44.63,14.91,23.87,22.52,59.42,0,0,0,0,-0.08698121439955242
2026-01-19 22:00:00,42.66,60.3,1.134,40.03,12.99,19.6,19.22,77.33,0,0,0,0,-0.09092000917424414
2026-01-19 23:00:00,35.76,55.71,0.865,31.45,12.45,19.63,18.77,70.17,0,0,0,0,-0.10525535363857069
2026-01-20 00:00:00,30.05,58.93,0.63,19.52,7.09,25.33,19.68,76.62,0,0,0,0,-0.07228562856794357
2026-01-20 01:00:00,28.83,47.32,0.673,,10.18,23.52,17.55,79.23,0,0,0,0,-0.07244209335542345
2026-01-20 02:00:00,28.23,60.22,0.71,19.97,10.33,23.13,19.5,81.61,0,0,0,0,-0.079549084518787
2026-01-20 03:00:00,25.21,,0.712,30.24,13.21,26.78,19.94,,0,0,0,0,-0.10177761148603276
2026-01-20 04:00:00,32.62,68.21,0.77,27.82,10.15,21.23,21.48,66.66,0,0,0,0,-0.10554446301881232
2026-01-20 05:00:00,43.81,86.75,1.129,33.25,12.96,27.8,21.42,72.91,0,0,0,0,-0.11728667317224617
2026-01-20 06:00:00,39.6,52.9,1.074,36.86,12.46,24.24,21.93,75.65,0,0,0,0,-0.11496330122654003
2026-01-20 07:00:00,47.4,84.0,1.254,51.1,15.29,27.49,22.76,72.77,0,0,0,0,-0.09132963452829373
2026-01-20 08:00:00,115.28,223.42,1.428,38.86,13.32,58.75,46.49,21.64,1,-1,1,1,0.13592673716922082
2026-01-20 09:00:00,54.97,70.92,1.5,53.11,15.32,39.96,27.15,70.52,0,0,0,0,-0.07891504905827756
2026-01-20 10:00:00,39.37,61.51,1.111,35.27,8.19,55.9,28.21,67.54,0,0,0,0,-0.08625110223205906
2026-01-20 11:00:00,37.49,77.76,0.928,23.76,8.2,51.11,31.43,60.06,0,0,0,0,-0.08040586969549385
2026-01-20 12:00:00,91.0,113.49,0.913,22.38,6.22,126.62,48.92,24.65,1,-1,1,1,0.18940527253146416
2026-01-20 13:00:00,14.34,47.87,0.759,12.74,11.16,55.19,27.94,60.0,0,0,0,0,-0.03833435456277012
2026-01-20 14:00:00,28.95,49.9,0.792,27.72,12.38,45.89,28.95,61.78,0,0,0,0,-0.1136274504069601
2026-01-20 15:00:00,33.75,85.05,0.986,22.62,13.35,44.72,27.16,56.86,0,0,0,0,-0.09057417812774582
2026-01-20 16:00:00,39.05,66.56,1.124,33.62,10.41,35.12,26.17,64.48,0,0,0,0,-0.12409768295449625
2026-01-20 17:00:00,57.1,94.48,1.314,46.64,12.47,37.71,25.4,66.45,0,0,0,0,-0.11169952315501203
2026-01-20 18:00:00,,133.17,1.304,38.94,12.22,59.61,48.22,15.19,1,-1,1,1,0.10696092458624612
2026-01-20 19:00:00,51.04,97.55,1.307,43.67,16.28,31.1,21.9,55.0,0,0,0,0,-0.06655025892830507
2026-01-20 20:00:00,35.29,52.21,1.171,33.87,15.26,20.75,22.25,62.86,0,0,0,0,-0.08868064414272425
2026-01-20 21:00:00,42.25,61.95,1.134,36.05,13.97,20.43,18.46,,0,0,0,0,-0.10066518434061628
2026-01-20 22:00:00,36.58,75.74,0.978,45.13,12.39,29.9,18.96,71.25,0,0,0,0,-0.089500133069437
2026-01-20 23:00:00,287.67,592.42,7.191,157.47,75.88,7.07,21.51,64.5,1,-1,1,1,0.23562717133293992
2026-01-21 00:00:00,31.2,65.07,0.71,20.54,10.56,34.36,18.47,81.32,0,0,0,0,-0.06705508688147194
2026-01-21 01:00:00,30.23,45.54,0.766,18.71,10.16,23.22,20.1,76.0,0,0,0,0,-0.10387759200451113
2026-01-21 02:00:00,24.6,39.97,0.654,20.77,10.18,25.46,19.03,82.12,0,0,0,0,-0.07430262725298237
2026-01-21 03:00:00,23.49,38.04,0.523,22.4,8.2,35.12,20.49,,0,0,0,0,-0.07747296494284212
2026-01-21 04:00:00,36.73,69.99,0.823,24.53,11.29,17.03,20.86,78.56,0,0,0,0,-0.0876250039921882
2026-01-21 05:00:00,245.56,349.23,6.147,227.77,59.83,1.07,22.04,76.94,1,-1,1,1,0.22688116081911164
2026-01-21 06:00:00,38.26,67.55,1.127,31.19,14.08,22.15,22.73,77.16,0,0,0,0,-0.11588911547321629
2026-01-21 07:00:00,38.95,87.96,1.262,35.91,13.09,37.37,25.6,80.11,0,0,0,0,-0.09895057333745771
2026-01-21 08:00:00,51.55,95.83,1.437,46.96,16.3,28.14,25.38,74.04,0,0,0,0,-0.09509276038714748
2026-01-21 09:00:00,58.56,93.8,1.394,38.79,10.27,44.86,28.33,59.97,0,0,0,0,-0.09663663363906139
2026-01-21 10:00:00,61.3,111.09,1.405,44.24,18.31,48.33,29.71,65.55,0,0,0,0,-0.04836263493665094
2026-01-21 11:00:00,37.62,82.54,0.948,30.74,8.3,59.65,29.39,67.32,0,0,0,0,-0.07718592626805981
2026-01-21 12:00:00,26.12,67.08,0.673,15.74,7.98,56.02,28.79,66.9,0,0,0,0,-0.04849736266989235
2026-01-21 13:00:00,21.7,50.04,0.735,23.02,8.8,53.07,29.48,58.72,0,0,0,0,-0.07942762485132732
2026-01-21 14:00:00,33.92,56.27,0.9,17.02,14.27,,28.01,65.62,0,0,0,0,-0.09046731997751373
2026-01-21 15:00:00,21.72,33.24,0.819,28.87,10.67,48.51,28.63,63.62,0,0,0,0,-0.08870490482282489
2026-01-21 16:00:00,42.93,77.74,1.039,32.31,11.76,33.65,24.16,74.04,0,0,0,0,-0.11983632815865891
2026-01-21 17:00:00,53.59,108.51,,49.52,11.62,25.24,24.63,,0,0,0,0,-0.08981098408589067
2026-01-21 18:00:00,56.38,98.24,1.401,49.96,10.61,20.1,21.21,65.05,0,0,0,0,-0.07147918442617546
2026-01-21 19:00:00,53.86,94.32,1.496,40.27,15.88,22.25,20.38,67.4,0,0,0,0,-0.0856369005028102
2026-01-21 20:00:00,57.2,94.99,1.409,34.66,15.48,24.88,22.48,65.81,0,0,0,0,-0.09821812945201791
2026-01-21 21:00:00,48.32,75.79,1.239,35.43,15.81,12.69,20.77,66.95,0,0,0,0,-0.08134686444838518
2026-01-21 22:00:00,153.97,133.3,1.712,,20.57,21.08,17.96,63.29,1,-1,1,1,0.07585540825403586
2026-01-21 23:00:00,45.51,76.71,1.002,39.17,6.74,19.91,16.46,75.24,0,0,0,0,-0.02916810366403272
2026-01-22 00:00:00,20.97,55.23,0.617,19.77,7.36,23.2,,81.41,0,0,0,0,-0.05534328329009808
2026-01-22 01:00:00,29.61,45.98,0.683,26.31,11.98,30.52,17.6,76.22,0,0,0,0,-0.09528031561476119
2026-01-22 02:00:00,7.02,12.21,0.593,16.04,7.89,29.26,21.71,83.04,0,0,0,0,-0.00022626481174892188
2026-01-22 03:00:00,35.11,47.55,0.719,23.17,10.28,19.62,20.19,77.21,0,0,0,0,-0.0988287098167841
2026-01-22 04:00:00,39.37,73.56,0.869,26.99,9.51,14.6,20.14,82.54,0,0,0,0,-0.05549339460745695
2026-01-22 05:00:00,36.23,76.17,0.893,35.96,13.71,29.73,22.69,75.96,0,0,0,0,-0.11338604879300085
2026-01-22 06:00:00,47.74,98.26,1.176,39.41,13.78,19.89,21.68,78.63,0,0,0,0,-0.08557498305645861
2026-01-22 07:00:00,55.68,94.32,1.505,38.77,14.67,35.08,24.61,73.0,0,0,0,0,-0.09654615489755086
2026-01-22 08:00:00,50.06,89.5,1.517,52.93,11.61,44.25,26.41,74.7,0,0,0,0,-0.06988339279855438
2026-01-22 09:00:00,56.25,90.97,1.373,42.71,14.01,33.48,27.33,67.42,0,0,0,0,-0.11731171034919224
2026-01-22 10:00:00,125.51,214.5,3.056,65.85,15.42,50.22,29.25,66.16,1,-1,1,1,0.10588801044707391
2026-01-22 11:00:00,33.27,58.66,0.84,15.8,11.04,56.36,29.26,64.34,0,0,0,0,-0.07222935367182742
2026-01-22 12:00:00,40.16,66.96,1.037,30.86,6.45,55.43,29.83,60.0,0,0,0,0,-0.07249554860098095
2026-01-22 13:00:00,36.28,61.52,0.941,25.89,8.18,37.99,28.02,63.37,0,0,0,0,-0.10529864496083874
2026-01-22 14:00:00,24.76,46.27,0.716,24.12,9.77,44.78,29.37,68.68,0,0,0,0,-0.10103994282425205
2026-01-22 15:00:00,29.56,45.25,0.726,24.96,16.18,39.3,29.37,,0,0,0,0,-0.09984408338409773
2026-01-22 16:00:00,35.64,55.89,0.895,29.22,7.6,40.15,25.11,64.58,0,0,0,0,-0.09525657927774361
2026-01-22 17:00:00,52.0,106.29,1.315,38.1,10.46,32.52,23.88,69.21,0,0,0,0,-0.10569357006133306
2026-01-22 18:00:00,45.98,108.39,1.359,44.84,13.07,14.02,25.12,68.12,0,0,0,0,-0.08373077793732303
2026-01-22 19:00:00,57.9,81.09,1.327,49.58,17.68,21.88,21.86,67.33,0,0,0,0,-0.0724534718537927
2026-01-22 20:00:00,59.33,82.78,1.45,44.04,14.38,27.77,22.45,58.26,0,0,0,0,-0.08387652643539811
2026-01-22 21:00:00,45.69,63.9,1.355,43.42,14.11,22.85,19.09,74.09,0,0,0,0,-0.09828823598102204
2026-01-22 22:00:00,47.35,76.88,1.122,34.02,11.99,23.94,20.49,63.18,0,0,0,0,-0.10962940271199456
2026-01-22 23:00:00,29.75,59.83,0.956,24.37,9.85,21.22,18.35,81.15,0,0,0,0,-0.0742681932740547
2026-01-23 00:00:00,22.42,44.09,0.679,21.1,10.42,18.45,18.32,77.19,0,0,0,0,-0.0794229366444128
2026-01-23 01:00:00,,29.97,0.476,12.31,8.24,25.79,20.07,79.97,0,0,0,0,-0.03869218431854948
2026-01-23 02:00:00,32.02,59.17,0.729,23.63,12.79,23.04,18.31,74.74,0,0,0,0,-0.10070868801372979
2026-01-23 03:00:00,21.35,26.92,0.637,13.61,6.6,27.08,18.49,,0,0,0,0,-0.0396754729672385
2026-01-23 04:00:00,32.02,49.9,0.75,20.54,13.16,27.97,20.22,78.35,0,0,0,0,-0.10428613366866873
2026-01-23 05:00:00,35.65,58.57,0.881,20.21,11.65,26.72,22.62,74.84,0,0,0,0,-0.11517795031131
2026-01-23 06:00:00,37.05,42.12,1.214,34.84,11.23,30.73,21.62,73.4,0,0,0,0,-0.1072376870340575
2026-01-23 07:00:00,47.71,64.79,1.249,50.51,9.16,30.63,25.69,71.25,0,0,0,0,-0.09399169370890542
2026-01-23 08:00:00,63.52,91.35,1.646,46.92,12.2,27.97,25.6,81.03,0,0,0,0,-0.057199096227695145
2026-01-23 09:00:00,53.62,97.65,1.363,46.86,16.0,45.14,28.77,69.24,0,0,0,0,-0.09342552245902436
2026-01-23 10:00:00,37.58,64.95,,47.61,11.3,44.81,25.39,71.85,0,0,0,0,-0.09028440953818473
2026-01-23 11:00:00,,72.18,1.05,33.17,12.54,50.52,27.87,67.5,0,0,0,0,-0.11044505884729028
2026-01-23 12:00:00,30.14,27.66,0.764,21.86,,42.44,26.98,69.64,0,0,0,0,-0.09147517141741479
2026-01-23 13:00:00,53.89,71.12,1.108,,13.33,55.49,27.82,61.17,0,0,0,0,-0.09653864153522085
2026-01-23 14:00:00,,63.36,0.667,25.38,8.34,50.99,28.56,52.25,0,0,0,0,-0.059499946053178154
2026-01-23 15:00:00,31.77,19.08,0.899,24.25,11.4,42.07,27.17,60.46,0,0,0,0,-0.07714531204936531
2026-01-23 16:00:00,50.0,97.2,0.975,32.18,13.82,32.17,25.95,65.39,0,0,0,0,-0.11553351665228051
2026-01-23 17:00:00,35.09,36.02,1.08,41.49,12.21,38.3,24.73,59.53,0,0,0,0,-0.0884358024172856
2026-01-23 18:00:00,153.0,259.61,1.481,49.28,11.42,36.9,46.02,19.69,1,-1,1,1,0.16379828606488295
2026-01-23 19:00:00,69.59,104.15,1.682,40.48,14.21,32.63,20.87,65.42,0,0,0,0,-0.05068055256742254
2026-01-23 20:00:00,51.43,97.44,1.277,39.52,14.32,20.73,21.6,74.57,0,0,0,0,-0.1003496125463863
2026-01-23 21:00:00,34.2,94.93,0.994,34.06,10.96,33.05,20.41,73.83,0,0,0,0,-0.09811185628527991
2026-01-23 22:00:00,36.06,32.22,0.949,35.15,10.97,22.26,19.2,75.82,0,0,0,0,-0.09540292164447028
2026-01-23 23:00:00,42.5,78.47,1.005,35.15,16.44,30.13,18.86,77.3,0,0,0,0,-0.08387176403771929
2026-01-24 00:00:00,26.65,22.28,0.515,34.47,8.57,19.69,18.36,76.32,0,0,0,0,-0.049656624064252086
2026-01-24 01:00:00,18.31,35.33,0.579,17.05,,26.34,20.64,76.25,0,0,0,0,-0.08144298641103115
2026-01-24 02:00:00,20.26,30.95,0.636,18.04,7.49,28.28,18.64,73.31,0,0,0,0,-0.06784312644438223
2026-01-24 03:00:00,23.16,39.78,0.646,24.63,11.76,27.82,19.26,69.25,0,0,0,0,-0.09358236869238434
2026-01-24 04:00:00,32.11,42.04,0.869,22.29,12.77,29.67,19.86,78.23,0,0,0,0,-0.10038874129426034
2026-01-24 05:00:00,45.17,83.89,1.091,31.51,11.39,21.31,20.85,77.86,0,0,0,0,-0.10298309071609885
2026-01-24 06:00:00,51.05,66.86,1.218,36.44,10.43,24.64,22.03,79.84,0,0,0,0,-0.09029413563238159
2026-01-24 07:00:00,54.3,104.49,1.251,30.67,9.09,36.46,23.88,78.83,0,0,0,0,-0.0753809493424123
2026-01-24 08:00:00,45.13,69.55,1.35,44.44,11.16,34.03,26.19,75.71,0,0,0,0,-0.1057503887054475
2026-01-24 09:00:00,105.47,129.34,1.202,40.74,13.52,115.94,44.92,21.05,1,-1,1,1,0.16214716635365994
2026-01-24 10:00:00,49.32,100.52,1.195,44.55,10.56,44.58,28.35,63.57,0,0,0,0,-0.09932685905163124
2026-01-24 11:00:00,27.92,45.26,0.907,28.9,11.01,50.26,27.92,66.0,0,0,0,0,-0.10398624333694845
2026-01-24 12:00:00,29.43,71.45,0.917,19.27,7.69,52.08,30.11,71.03,0,0,0,0,-0.06115573940332347
2026-01-24 13:00:00,31.28,66.26,0.788,23.09,10.61,46.58,29.74,66.12,0,0,0,0,-0.10490102375001809
2026-01-24 14:00:00,22.12,26.92,0.737,12.63,7.69,46.87,28.11,65.35,0,0,0,0,-0.032321459936147934
2026-01-24 15:00:00,27.3,44.03,0.695,20.47,10.56,44.2,26.65,60.14,0,0,0,0,-0.09194371886106495
2026-01-24 16:00:00,40.28,67.92,1.075,36.21,10.93,38.22,26.95,57.71,0,0,0,0,-0.10869533548369842
2026-01-24 17:00:00,50.75,102.05,1.281,38.46,10.46,39.62,25.2,66.15,0,0,0,0,-0.11073825030219053
2026-01-24 18:00:00,61.09,106.05,1.595,50.16,12.66,28.07,21.81,62.14,0,0,0,0,-0.05897023116787492
2026-01-24 19:00:00,59.79,100.77,1.472,36.92,11.92,24.82,22.05,66.17,0,0,0,0,-0.09629480307478899
2026-01-24 20:00:00,53.45,85.79,1.386,42.8,10.45,19.35,21.12,68.53,0,0,0,0,-0.09090167835966162
2026-01-24 21:00:00,40.54,66.29,1.248,35.27,14.44,18.06,18.59,78.84,0,0,0,0,-0.07867806206036965
2026-01-24 22:00:00,31.78,68.09,0.946,36.08,10.39,33.32,19.03,71.95,0,0,0,0,-0.09960423180968675
2026-01-24 23:00:00,29.9,49.38,0.75,30.28,6.14,16.32,16.51,67.18,0,0,0,0,-0.026162475407102315
2026-01-25 00:00:00,26.78,39.44,0.884,24.19,9.31,25.1,19.68,77.31,0,0,0,0,-0.10101958526924254
2026-01-25 01:00:00,26.85,37.54,0.596,28.8,12.7,26.41,19.76,73.45,0,0,0,0,-0.095787245498756
2026-01-25 02:00:00,9.79,9.5,0.48,16.18,7.3,,18.52,78.34,0,0,0,1,0.003006089641807652
2026-01-25 03:00:00,20.71,17.35,0.667,27.87,13.37,20.54,20.13,76.86,0,0,0,0,-0.07064040513027509
2026-01-25 04:00:00,38.01,53.71,0.919,21.66,9.92,17.93,17.95,78.25,0,0,0,0,-0.07839462642447204
2026-01-25 05:00:00,36.13,,0.95,25.0,12.72,21.86,20.78,79.79,0,0,0,0,-0.09402815240347218
2026-01-25 06:00:00,35.15,55.51,1.056,39.09,13.8,23.36,23.25,67.78,0,0,0,0,-0.1175045250247444
2026-01-25 07:00:00,68.54,121.54,1.558,39.1,15.84,35.31,23.74,70.6,0,0,0,0,-0.050966358034185644
2026-01-25 08:00:00,,60.6,1.365,48.62,10.45,37.47,27.22,71.24,0,0,0,0,-0.09264483940578722
2026-01-25 09:00:00,55.68,98.7,1.595,44.56,11.49,40.95,29.9,62.43,0,0,0,0,-0.08364359358433343
2026-01-25 10:00:00,48.82,78.62,1.217,43.45,15.46,45.01,26.97,59.79,0,0,0,0,-0.09676035181222137
2026-01-25 11:00:00,34.68,51.44,0.998,29.93,9.7,51.9,27.93,66.74,0,0,0,0,-0.10097660582762558
2026-01-25 12:00:00,,45.87,0.742,25.24,12.8,49.6,29.41,66.02,0,0,0,0,-0.09759707708965304
2026-01-25 13:00:00,44.81,67.99,0.925,29.64,11.53,54.71,30.88,58.99,0,0,0,0,-0.09883299222588043
2026-01-25 14:00:00,38.39,37.86,0.852,23.03,12.15,39.14,26.94,54.08,0,0,0,0,-0.0783474599321905
2026-01-25 15:00:00,39.85,76.82,0.837,25.5,8.94,49.15,27.83,63.44,0,0,0,0,-0.09841055231392465
2026-01-25 16:00:00,45.5,77.99,1.105,36.44,11.21,39.63,28.59,53.13,0,0,0,0,-0.09461230622438072
2026-01-25 17:00:00,348.89,497.2,7.578,201.39,45.42,3.57,23.1,66.12,1,-1,1,1,0.23236015283499284
2026-01-25 18:00:00,62.54,91.6,1.608,43.8,14.75,19.69,22.13,62.71,0,0,0,0,-0.0579051182071017
2026-01-25 19:00:00,50.03,64.9,1.302,44.39,13.21,17.92,21.74,62.76,0,0,0,0,-0.08945860825291557
2026-01-25 20:00:00,54.98,93.4,1.377,52.29,14.52,,20.3,67.96,0,0,0,0,-0.08363831271668254
2026-01-25 21:00:00,35.32,77.65,,34.39,10.45,20.84,20.77,69.78,0,0,0,0,-0.10802402022926189
2026-01-25 22:00:00,25.14,43.92,0.989,27.61,8.47,27.22,19.21,70.63,0,0,0,0,-0.09579729405199078
2026-01-25 23:00:00,34.29,39.99,0.822,19.26,11.83,15.89,16.25,79.52,0,0,0,0,-0.03708260190304008
2026-01-26 00:00:00,18.59,33.37,0.626,19.13,7.59,16.84,18.82,74.28,0,0,0,0,-0.05404159427209976
2026-01-26 01:00:00,9.59,15.19,0.553,20.92,11.33,19.93,17.7,82.02,0,0,0,0,-0.011508132582712993
2026-01-26 02:00:00,28.36,57.17,0.697,25.92,10.58,23.17,20.48,77.52,0,0,0,0,-0.10990821790566702
2026-01-26 03:00:00,41.22,75.3,0.775,25.84,11.4,20.82,19.08,75.37,0,0,0,0,-0.10247830991128665
2026-01-26 04:00:00,39.81,29.86,0.81,32.02,13.0,23.07,20.21,73.84,0,0,0,0,-0.09976462769221744
2026-01-26 05:00:00,35.12,64.48,1.021,33.86,11.34,31.82,22.96,68.07,0,0,0,0,-0.12418336014233272
2026-01-26 06:00:00,44.44,61.28,1.081,42.75,8.8,33.49,24.66,73.8,0,0,0,0,-0.1047815305748776
2026-01-26 07:00:00,58.39,79.28,1.486,49.52,11.5,41.49,25.71,69.48,0,0,0,0,-0.09382994474507589
2026-01-26 08:00:00,63.93,103.22,1.574,55.44,16.72,26.02,24.48,61.48,0,0,0,0,-0.0405012655103546
2026-01-26 09:00:00,133.58,218.48,1.389,42.15,13.22,91.16,45.02,18.99,1,-1,1,1,0.17937671627181845
2026-01-26 10:00:00,306.07,465.52,7.853,169.83,54.31,1.74,27.29,62.33,1,-1,1,1,0.22546885511482612
2026-01-26 11:00:00,39.09,72.95,0.928,34.43,12.68,47.14,29.37,69.07,0,0,0,0,-0.1133017733461546
2026-01-26 12:00:00,36.56,69.48,0.811,30.87,10.43,52.97,27.58,56.37,0,0,0,0,-0.08648244199539051
2026-01-26 13:00:00,29.54,49.31,0.827,31.89,9.03,51.65,29.64,54.52,0,0,0,0,-0.08038572231606367
2026-01-26 14:00:00,29.19,37.76,0.728,30.91,8.4,54.9,27.6,65.77,0,0,0,0,-0.08063548115826541
2026-01-26 15:00:00,43.28,59.66,0.782,39.44,14.53,46.66,26.16,67.55,0,0,0,0,-0.09946684368356418
2026-01-26 16:00:00,49.39,93.81,1.217,37.95,8.62,43.55,27.42,57.84,0,0,0,0,-0.08827302994425529
2026-01-26 17:00:00,51.25,66.43,1.209,40.94,11.28,29.96,25.54,60.16,0,0,0,0,-0.11426144578436132
2026-01-26 18:00:00,136.34,264.31,1.582,39.41,14.77,42.06,49.15,21.04,1,-1,1,1,0.16797999507871425
2026-01-26 19:00:00,54.01,87.13,1.557,47.14,16.87,24.32,24.16,55.91,0,0,0,0,-0.05651270725189339
2026-01-26 20:00:00,65.03,106.15,1.545,43.57,15.72,13.98,20.57,62.04,0,0,0,0,-0.026732937604796447
2026-01-26 21:00:00,136.23,120.1,1.363,40.71,11.2,77.54,42.61,13.21,1,-1,1,1,0.13915510092005662
2026-01-26 22:00:00,61.34,99.45,1.32,37.49,17.5,24.58,19.43,79.21,0,0,0,0,-0.054446409330634826
2026-01-26 23:00:00,49.58,102.36,0.899,28.17,7.45,57.03,44.64,24.3,1,-1,1,1,0.08290277517240768
2026-01-27 00:00:00,19.19,15.63,0.503,18.98,10.5,31.16,18.95,76.35,0,0,0,0,-0.05667675968829328
2026-01-27 01:00:00,26.4,49.55,0.676,25.68,11.71,19.85,17.94,82.42,0,0,0,0,-0.05531532407829676
2026-01-27 02:00:00,26.34,44.52,0.738,7.72,8.7,14.46,18.65,86.48,0,0,0,0,-0.01159368738944161
2026-01-27 03:00:00,40.24,58.68,0.858,26.05,13.56,30.0,21.66,73.53,0,0,0,0,-0.11223835163952739
2026-01-27 04:00:00,24.99,51.48,0.834,30.29,9.37,18.54,19.92,77.5,0,0,0,0,-0.08826899185604054
2026-01-27 05:00:00,41.32,41.75,0.992,40.79,13.66,22.04,19.61,84.97,0,0,0,0,-0.051851619600083776
2026-01-27 06:00:00,53.47,92.38,1.456,42.65,9.3,28.47,25.87,65.46,0,0,0,0,-0.10237732683734918
2026-01-27 07:00:00,56.76,113.08,1.605,52.69,14.41,36.0,28.43,72.56,0,0,0,0,-0.06062791610405355
2026-01-27 08:00:00,48.91,97.98,1.407,45.43,11.98,41.45,26.22,65.33,0,0,0,0,-0.1074022586492363
2026-01-27 09:00:00,62.07,107.09,1.544,45.35,16.74,41.9,25.53,69.22,0,0,0,0,-0.06674195135565658
2026-01-27 10:00:00,54.15,85.72,1.394,41.81,13.32,47.95,28.37,64.0,0,0,0,0,-0.1090439642318965
2026-01-27 11:00:00,42.3,62.16,0.946,31.74,14.98,44.76,28.96,59.31,0,0,0,0,-0.10478075892104788
2026-01-27 12:00:00,33.96,52.4,0.753,22.54,12.51,51.92,29.27,57.73,0,0,0,0,-0.09501176032808245
2026-01-27 13:00:00,31.1,57.84,0.889,21.77,10.83,41.43,27.98,62.89,0,0,0,0,-0.10995669544755177
2026-01-27 14:00:00,229.54,484.81,5.603,202.85,52.76,6.57,29.47,63.62,1,-1,1,1,0.20791999079526285
2026-01-27 15:00:00,39.03,73.5,0.933,31.51,13.65,37.0,28.54,59.46,0,0,0,0,-0.11651499173132551
2026-01-27 16:00:00,40.52,92.46,1.059,33.13,13.09,35.21,24.99,63.29,0,0,0,0,-0.11486194966628216
2026-01-27 17:00:00,41.5,67.73,0.984,36.04,7.11,27.09,26.31,64.28,0,0,0,0,-0.1005367911411047
2026-01-27 18:00:00,46.75,61.0,1.309,39.84,10.51,25.04,26.52,58.42,0,0,0,0,-0.10937422753496878
2026-01-27 19:00:00,49.91,66.21,1.336,47.31,16.04,25.14,22.85,69.36,0,0,0,0,-0.10180673410312313
2026-01-27 20:00:00,54.04,98.48,1.486,48.03,10.64,20.28,20.92,72.45,0,0,0,0,-0.07201152108700387
2026-01-27 21:00:00,45.26,73.96,1.3,32.94,14.47,28.72,20.03,81.6,0,0,0,0,-0.0830124685234715
2026-01-27 22:00:00,40.9,78.0,1.109,26.69,13.64,24.61,20.07,70.93,0,0,0,0,-0.11084922539543263
2026-01-27 23:00:00,36.1,53.16,0.945,32.93,10.01,18.62,16.72,74.92,0,0,0,0,-0.0645894646363172
2026-01-28 00:00:00,19.3,41.82,0.47,12.61,5.54,23.84,18.82,79.14,0,0,0,0,-0.019583206247001717
2026-01-28 01:00:00,33.92,54.07,0.815,25.24,10.14,28.72,18.35,80.8,0,0,0,0,-0.08271886229230657
2026-01-28 02:00:00,23.19,29.48,0.697,28.79,14.89,31.16,21.59,73.26,0,0,0,0,-0.08671950814477247
2026-01-28 03:00:00,23.32,33.66,0.77,29.81,8.43,19.52,20.05,75.67,0,0,0,0,-0.08431574022948984
2026-01-28 04:00:00,33.14,40.32,1.009,29.6,9.57,23.85,23.41,76.59,0,0,0,0,-0.10900806091649806
2026-01-28 05:00:00,23.53,62.7,0.678,31.43,8.16,28.8,21.42,72.74,0,0,0,0,-0.09840741268117448
2026-01-28 06:00:00,39.19,63.5,1.088,47.4,14.59,29.75,24.89,70.79,0,0,0,0,-0.10521172194481304
2026-01-28 07:00:00,58.87,104.87,1.401,33.02,13.35,26.42,26.0,70.99,0,0,0,0,-0.10273954932789525
2026-01-28 08:00:00,42.52,63.72,1.322,40.98,10.88,41.31,25.91,73.66,0,0,0,0,-0.10533836837674587
2026-01-28 09:00:00,60.65,87.45,1.483,49.29,17.17,37.2,28.32,63.89,0,0,0,0,-0.07842277466399639
2026-01-28 10:00:00,57.07,91.35,1.315,38.06,14.98,53.3,30.45,55.73,0,0,0,0,-0.06907170222660447
2026-01-28 11:00:00,35.97,72.57,1.048,36.69,9.57,52.18,29.16,55.29,0,0,0,0,-0.08758503141653945
2026-01-28 12:00:00,34.54,50.74,0.777,26.37,8.76,43.33,27.72,58.01,0,0,0,0,-0.0949342591032033
2026-01-28 13:00:00,38.24,52.65,0.791,26.44,14.37,47.01,29.55,55.11,0,0,0,0,-0.0903355588050001
2026-01-28 14:00:00,27.38,47.05,0.674,22.77,10.78,44.78,,60.39,0,0,0,0,-0.09417454461936309
2026-01-28 15:00:00,41.03,73.68,0.946,26.65,8.69,43.91,27.76,55.93,0,0,0,0,-0.09278467997976503
2026-01-28 16:00:00,36.16,79.38,0.908,29.47,7.69,38.12,26.95,58.44,0,0,0,0,-0.08890932933528556
2026-01-28 17:00:00,44.44,77.57,1.206,39.79,9.99,25.3,23.68,61.26,0,0,0,0,-0.11273915164285087
2026-01-28 18:00:00,47.82,86.64,1.324,39.02,10.06,17.89,22.38,64.27,0,0,0,0,-0.09517822803627396
2026-01-28 19:00:00,57.37,103.29,1.423,51.04,9.24,27.65,23.49,71.12,0,0,0,0,-0.07844251110638661
2026-01-28 20:00:00,60.67,86.26,1.562,48.72,11.65,23.73,20.97,71.78,0,0,0,0,-0.07304686722737841
2026-01-28 21:00:00,45.07,62.81,1.213,44.05,10.49,21.17,17.39,73.62,0,0,0,0,-0.07510008585273448
2026-01-28 22:00:00,30.58,37.45,1.024,25.42,10.04,26.29,20.54,70.17,0,0,0,0,-0.10575614520716708
2026-01-28 23:00:00,25.28,25.72,0.768,17.5,14.25,21.33,19.39,72.61,0,0,0,0,-0.07364673958371598
2026-01-29 00:00:00,26.58,53.4,0.675,20.92,10.07,23.99,18.03,78.08,0,0,0,0,-0.0903477609762664
2026-01-29 01:00:00,36.59,63.85,0.754,37.53,11.29,34.29,17.51,80.61,0,0,0,0,-0.06101509124577509
2026-01-29 02:00:00,27.9,46.98,0.702,27.98,11.91,31.17,20.65,72.61,0,0,0,0,-0.10996310183209079
2026-01-29 03:00:00,23.53,8.0,0.73,18.99,9.83,24.57,20.96,76.62,0,0,0,0,-0.06124537268103031
2026-01-29 04:00:00,36.42,84.77,0.846,28.68,12.52,25.33,24.55,65.28,0,0,0,0,-0.11312725626822562
2026-01-29 05:00:00,34.45,46.11,0.986,33.71,12.06,12.93,23.53,75.0,0,0,0,0,-0.08533951321541755
2026-01-29 06:00:00,41.54,93.16,1.082,29.77,12.42,33.12,24.93,75.44,0,0,0,0,-0.11153094783084733
2026-01-29 07:00:00,45.43,57.57,1.36,48.85,18.63,36.68,25.7,69.79,0,0,0,0,-0.0719214805829218
2026-01-29 08:00:00,64.4,96.52,1.524,46.84,16.44,34.74,28.22,74.87,0,0,0,0,-0.06713375500007412
2026-01-29 09:00:00,35.26,31.75,1.246,39.52,9.15,37.77,29.14,62.04,0,0,0,0,-0.07949206841927825
2026-01-29 10:00:00,51.17,88.77,1.268,38.68,13.93,41.89,30.78,63.67,0,0,0,0,-0.10661637988504308
2026-01-29 11:00:00,34.46,43.64,1.069,35.91,9.7,51.95,29.21,62.77,0,0,0,0,-0.09801656703147033
2026-01-29 12:00:00,29.28,35.43,0.709,21.74,11.91,50.69,29.51,61.04,0,0,0,0,-0.09064597638613103
2026-01-29 13:00:00,41.68,52.3,0.797,17.93,9.14,52.53,29.29,60.15,0,0,0,0,-0.07842549468597387
2026-01-29 14:00:00,25.77,51.85,0.688,25.43,8.14,50.19,30.27,59.35,0,0,0,0,-0.08519081803003486
2026-01-29 15:00:00,29.52,57.24,0.726,16.75,11.71,51.34,30.26,61.83,0,0,0,0,-0.07903117850783226
2026-01-29 16:00:00,38.98,86.06,0.929,31.26,14.09,40.56,26.79,,0,0,0,0,-0.11839529696639828
2026-01-29 17:00:00,50.51,75.12,1.333,45.58,14.16,36.21,25.51,62.7,0,0,0,0,-0.11477101786728339
2026-01-29 18:00:00,50.02,85.16,1.364,46.22,14.88,16.54,24.99,66.94,0,0,0,0,-0.10424103750522401
2026-01-29 19:00:00,44.82,58.48,1.297,48.98,,19.46,22.91,,0,0,0,0,-0.09858258646449364
2026-01-29 20:00:00,46.66,72.98,1.293,45.76,13.05,23.74,23.03,70.34,0,0,0,0,-0.11650426666968139
2026-01-29 21:00:00,55.76,85.77,1.298,52.74,12.47,25.58,18.06,69.91,0,0,0,0,-0.06717869928052539
2026-01-29 22:00:00,39.12,70.13,1.173,29.83,13.7,32.01,18.91,77.85,0,0,0,0,-0.10293022471760632
2026-01-29 23:00:00,34.7,69.47,0.837,29.87,13.73,21.79,18.42,84.06,0,0,0,0,-0.060748112998760095
2026-01-30 00:00:00,22.03,48.23,0.517,17.84,10.06,19.0,16.4,77.75,0,0,0,0,-0.027533888162568687
2026-01-30 01:00:00,20.41,23.56,0.669,24.59,9.78,14.09,18.23,68.86,0,0,0,0,-0.05385741144723866
2026-01-30 02:00:00,36.53,72.26,0.789,23.06,15.15,27.13,18.85,75.67,0,0,0,0,-0.09238995728206667
2026-01-30 03:00:00,24.34,39.63,0.846,30.51,10.39,22.85,20.6,81.72,0,0,0,0,-0.07905498986781645
2026-01-30 04:00:00,26.65,40.08,0.719,21.95,10.83,42.62,23.33,76.72,0,0,0,0,-0.0951706733275351
2026-01-30 05:00:00,43.73,63.65,1.124,38.96,13.44,22.16,23.03,75.59,0,0,0,0,-0.11673454120363586
2026-01-30 06:00:00,38.87,57.42,1.202,39.04,11.67,37.31,23.53,77.69,0,0,0,0,-0.10641954817687982
2026-01-30 07:00:00,47.67,99.57,1.285,42.29,10.96,36.65,26.13,72.45,0,0,0,0,-0.1061018836791437
2026-01-30 08:00:00,54.95,94.36,1.398,48.5,14.33,33.78,28.8,71.95,0,0,0,0,-0.09943169501804694
2026-01-30 09:00:00,52.05,87.97,1.438,44.64,13.12,42.95,27.52,70.7,0,0,0,0,-0.1095148154080231
2026-01-30 10:00:00,46.57,73.69,1.254,39.42,16.71,49.93,28.49,70.95,0,0,0,0,-0.08304361473107358
2026-01-30 11:00:00,52.33,115.7,1.049,32.72,14.97,48.26,30.81,62.91,0,0,0,0,-0.07425534641833137
2026-01-30 12:00:00,34.1,71.93,0.769,22.97,10.1,55.35,30.08,64.55,0,0,0,0,-0.09043514595382973
2026-01-30 13:00:00,13.44,13.53,0.374,19.14,10.95,57.47,30.95,57.88,0,0,0,1,0.015352046089663063
2026-01-30 14:00:00,33.31,51.68,0.875,16.91,12.01,51.39,29.62,57.11,0,0,0,0,-0.07417876726617845
2026-01-30 15:00:00,34.08,53.67,0.871,32.09,14.29,45.39,29.61,65.85,0,0,0,0,-0.11269155968318317
2026-01-30 16:00:00,40.69,68.89,1.048,26.93,10.91,32.32,26.4,62.6,0,0,0,0,-0.11767125562131314
2026-01-30 17:00:00,49.05,72.52,1.13,38.27,13.32,32.56,26.32,65.2,0,0,0,0,-0.12327684712831777
2026-01-30 18:00:00,143.93,228.23,3.638,112.92,21.9,27.26,24.67,64.46,1,-1,1,1,0.15626471078506116
2026-01-30 19:00:00,55.33,108.72,1.423,50.06,13.66,14.43,22.05,64.77,0,0,0,0,-0.05771330891717863
2026-01-30 20:00:00,57.08,78.42,1.395,35.87,11.76,22.93,20.32,69.75,0,0,0,0,-0.10317173487017184
2026-01-30 21:00:00,42.38,56.39,1.195,37.56,13.51,24.48,21.89,75.24,0,0,0,0,-0.1159729719279225
2026-01-30 22:00:00,32.3,47.5,1.006,33.7,12.15,17.6,19.79,74.91,0,0,0,0,-0.10002419382576827
2026-01-30 23:00:00,54.51,84.7,1.316,32.1,16.28,18.99,18.45,68.35,0,0,0,0,-0.07868248836199104
2026-01-31 00:00:00,19.19,55.65,0.587,26.18,9.9,23.47,19.38,74.69,0,0,0,0,-0.08741014460137575
2026-01-31 01:00:00,24.2,51.95,0.74,16.45,9.51,35.68,21.05,82.22,0,0,0,0,-0.06941229179281999
2026-01-31 02:00:00,14.03,34.48,0.47,8.63,11.14,24.97,17.53,78.2,0,0,0,0,-0.02095782764097054
2026-01-31 03:00:00,264.41,633.75,6.16,177.41,49.18,3.13,19.35,70.71,1,-1,1,1,0.2308268339339246
2026-01-31 04:00:00,22.39,33.51,0.682,21.07,12.63,25.75,21.19,84.0,0,0,0,0,-0.06789286778786535
2026-01-31 05:00:00,,37.04,0.799,20.99,13.68,19.69,25.4,75.2,0,0,0,0,-0.08768245025352778
2026-01-31 06:00:00,51.93,95.07,1.273,37.9,15.96,30.54,25.42,71.67,0,0,0,0,-0.10836476934916928
2026-01-31 07:00:00,55.67,97.74,1.36,50.2,14.4,29.99,27.44,67.86,0,0,0,0,-0.10451243435984714
2026-01-31 08:00:00,58.68,,1.345,40.22,12.8,34.79,26.49,73.49,0,0,0,0,-0.11044056497491178
2026-01-31 09:00:00,82.89,177.75,1.377,,12.27,88.39,43.88,12.0,1,-1,1,1,0.1505021776001148
2026-01-31 10:00:00,57.98,93.96,1.302,35.74,14.63,47.04,30.43,67.7,0,0,0,0,-0.09269960599413873
2026-01-31 11:00:00,29.23,50.27,0.754,29.57,9.69,56.76,30.53,63.9,0,0,0,0,-0.0928090138056446
2026-01-31 12:00:00,42.88,81.45,1.037,22.14,15.22,56.06,31.32,60.79,0,0,0,0,-0.07479537187001334
2026-01-31 13:00:00,36.96,43.34,0.801,25.73,12.97,58.35,30.26,60.32,0,0,0,0,-0.084646069209665
2026-01-31 14:00:00,34.94,66.48,0.934,24.98,9.53,57.49,30.28,58.22,0,0,0,0,-0.08377813862501621
2026-01-31 15:00:00,28.1,46.12,0.761,19.23,14.95,35.54,29.27,63.51,0,0,0,0,-0.08784253302562428
2026-01-31 16:00:00,42.2,56.92,1.035,47.54,12.43,34.32,28.89,56.04,0,0,0,0,-0.09044693389297015
2026-01-31 17:00:00,45.28,49.69,1.248,36.13,10.12,25.44,27.61,54.33,0,0,0,0,-0.086548483129543
2026-01-31 18:00:00,53.23,86.2,1.45,41.5,11.5,28.3,23.29,67.67,0,0,0,0,-0.11717876876493477
2026-01-31 19:00:00,168.19,262.15,3.242,126.36,37.38,19.72,21.13,70.47,1,-1,1,1,0.17111772926887375
2026-01-31 20:00:00,38.65,83.88,1.22,50.13,15.88,24.53,23.71,68.58,0,0,0,0,-0.09234582577077499
2026-01-31 21:00:00,54.59,94.34,1.374,46.09,15.68,23.49,22.81,70.31,0,0,0,0,-0.1001952046150571
2026-01-31 22:00:00,38.72,87.43,1.096,26.68,14.77,24.91,19.3,71.85,0,0,0,0,-0.09842489207569088
2026-01-31 23:00:00,28.73,46.9,,27.75,13.55,15.18,17.75,78.96,0,0,0,0,-0.06243138303678103
2026-02-01 00:00:00,20.26,44.87,0.59,10.27,11.25,19.12,19.93,74.88,0,0,0,0,-0.06321852126882904
2026-02-01 01:00:00,27.05,39.22,0.569,25.64,11.43,25.82,21.13,73.07,0,0,0,0,-0.10360735655061282
2026-02-01 02:00:00,18.82,24.88,0.642,11.65,11.07,34.07,22.73,73.12,0,0,0,0,-0.06581716457060899
2026-02-01 03:00:00,9.66,8.0,0.51,14.97,10.59,28.28,22.08,83.54,0,0,0,1,0.0038847522844412397
2026-02-01 04:00:00,33.53,30.6,0.811,25.97,9.72,22.14,22.17,68.61,0,0,0,0,-0.10271888408357271
2026-02-01 05:00:00,39.56,80.72,1.108,33.31,13.57,15.4,22.88,76.74,0,0,0,0,-0.09666975426261615
2026-02-01 06:00:00,43.96,64.83,1.062,35.79,15.6,32.73,25.4,65.25,0,0,0,0,-0.11394532720112233
2026-02-01 07:00:00,44.11,63.16,1.415,49.33,11.96,29.89,26.47,69.78,0,0,0,0,-0.10598921485409951
2026-02-01 08:00:00,56.07,78.35,1.469,49.63,12.92,31.41,26.95,67.01,0,0,0,0,-0.10491161997709625
2026-02-01 09:00:00,43.61,69.5,1.303,44.87,13.41,37.89,31.77,54.86,0,0,0,0,-0.07913267719322387
2026-02-01 10:00:00,38.47,84.64,1.079,29.88,10.42,43.16,32.34,62.95,0,0,0,0,-0.09128803034033844
2026-02-01 11:00:00,32.91,79.42,0.795,38.37,8.39,47.7,32.13,58.77,0,0,0,0,-0.06729386257483339
2026-02-01 12:00:00,39.01,44.43,0.907,23.44,14.43,49.28,29.86,52.73,0,0,0,0,-0.06935536115450858
2026-02-01 13:00:00,27.12,40.49,0.768,32.24,9.72,46.76,31.81,61.69,0,0,0,0,-0.08852542908592215
2026-02-01 14:00:00,27.1,32.31,0.807,34.2,10.75,51.22,31.02,63.99,0,0,0,0,-0.08091282386225479
2026-02-01 15:00:00,47.63,90.45,1.038,33.15,11.42,43.16,29.92,64.7,0,0,0,0,-0.11137592055285683
2026-02-01 16:00:00,43.13,74.61,0.914,38.76,15.12,52.08,29.76,60.15,0,0,0,0,-0.08710033636763775
2026-02-01 17:00:00,50.19,75.18,1.156,24.17,14.9,25.56,27.71,60.91,0,0,0,0,-0.10447021994541783
2026-02-01 18:00:00,50.44,84.09,1.533,42.44,12.51,29.05,26.43,67.7,0,0,0,0,-0.11045027492086268
2026-02-01 19:00:00,50.78,78.05,1.319,50.47,10.48,27.69,24.89,71.29,0,0,0,0,-0.09890126547582118
2026-02-01 20:00:00,37.27,80.87,1.325,45.4,10.96,21.52,23.22,71.64,0,0,0,0,-0.10218554323131573
2026-02-01 21:00:00,53.8,95.34,1.248,34.2,14.63,22.19,19.54,,0,0,0,0,-0.10032239009755722
2026-02-01 22:00:00,42.35,77.92,1.065,31.95,12.65,27.94,20.92,72.47,0,0,0,0,-0.11985258387321762
2026-02-01 23:00:00,31.22,19.52,0.905,14.5,11.36,24.52,19.62,75.9,0,0,0,0,-0.08136123232684589
2026-02-02 00:00:00,23.89,38.62,0.579,22.47,10.85,30.75,18.57,69.04,0,0,0,0,-0.08267084013129222
2026-02-02 01:00:00,29.38,73.48,0.84,12.18,12.61,15.77,22.33,75.82,0,0,0,0,-0.0679521160940949
2026-02-02 02:00:00,13.04,37.43,0.531,24.33,9.21,24.64,22.95,83.27,0,0,0,0,-0.04918209503924692
2026-02-02 03:00:00,22.09,14.28,0.693,27.38,11.2,35.72,23.39,76.84,0,0,0,0,-0.06939491389390956
2026-02-02 04:00:00,21.37,31.49,0.677,21.18,7.97,32.82,23.21,80.5,0,0,0,0,-0.06649741147315563
2026-02-02 05:00:00,48.78,66.07,1.169,35.54,18.5,30.6,25.87,72.78,0,0,0,0,-0.08410235467554855
2026-02-02 06:00:00,50.78,104.32,1.384,37.37,12.45,33.71,25.7,71.41,0,0,0,0,-0.10961471878237294
2026-02-02 07:00:00,417.71,552.63,4.18,222.64,87.47,5.64,27.36,70.94,1,-1,1,1,0.24865768645471437
2026-02-02 08:00:00,45.04,65.11,1.476,38.07,13.75,42.4,27.14,65.31,0,0,0,0,-0.1084154063147394
2026-02-02 09:00:00,52.24,86.61,1.332,46.48,12.32,49.4,30.08,60.87,0,0,0,0,-0.09704442073927733
2026-02-02 10:00:00,41.77,37.63,1.212,28.48,12.19,45.12,30.56,68.06,0,0,0,0,-0.08925701535752162
2026-02-02 11:00:00,27.82,32.88,0.907,19.71,10.77,63.79,29.49,68.16,0,0,0,0,-0.049507968939719094
2026-02-02 12:00:00,46.34,76.9,0.921,28.32,10.62,,31.19,55.97,0,0,0,0,-0.08920035954718503
2026-02-02 13:00:00,31.7,62.45,0.813,23.41,12.13,40.63,30.98,62.96,0,0,0,0,-0.10241603146618705
2026-02-02 14:00:00,70.78,92.58,0.841,26.91,7.81,98.57,48.93,13.73,1,-1,1,1,0.17573455137347854
2026-02-02 15:00:00,29.72,44.46,0.771,23.76,14.83,43.33,30.75,59.36,0,0,0,0,-0.09220119085114165
2026-02-02 16:00:00,45.55,87.27,1.147,43.51,14.3,45.47,28.56,61.64,0,0,0,0,-0.11128890292307114
2026-02-02 17:00:00,44.7,56.35,1.225,39.29,13.88,37.2,27.53,64.87,0,0,0,0,-0.11846557259629859
2026-02-02 18:00:00,51.56,87.82,1.377,44.8,9.33,24.64,25.87,63.22,0,0,0,0,-0.10173398362428204
2026-02-02 19:00:00,59.28,98.6,1.503,47.64,12.18,32.83,24.16,70.86,0,0,0,0,-0.09362776702819858
2026-02-02 20:00:00,41.4,88.89,1.253,46.62,15.2,29.67,21.79,69.63,0,0,0,0,-0.10423138648749736
2026-02-02 21:00:00,57.71,92.47,1.34,43.96,22.9,19.19,21.78,72.1,0,0,0,0,-0.029132637325336608
2026-02-02 22:00:00,40.89,65.41,1.074,35.33,14.72,22.83,20.2,68.99,0,0,0,0,-0.112718359943913
2026-02-02 23:00:00,40.6,77.25,0.916,32.74,14.34,25.18,19.06,83.28,0,0,0,0,-0.06755352680724708
2026-02-03 00:00:00,16.53,11.36,0.769,9.81,10.81,24.92,21.0,75.98,0,0,0,0,-0.04522574922828315
2026-02-03 01:00:00,17.52,26.26,0.458,10.29,7.89,25.02,21.05,77.94,0,0,0,0,-0.04393304072204035
2026-02-03 02:00:00,17.16,22.84,0.527,19.12,11.9,25.06,19.0,71.3,0,0,0,0,-0.06616095842901237
2026-02-03 03:00:00,195.81,578.31,6.504,193.03,73.86,1.39,21.88,72.35,1,-1,1,1,0.23569780336654417
2026-02-03 04:00:00,30.01,59.7,0.965,28.18,8.34,17.27,24.37,78.52,0,0,0,0,-0.08751301267351974
2026-02-03 05:00:00,33.07,61.22,0.822,29.89,8.51,30.59,25.78,73.27,0,0,0,0,-0.11204100006596207
2026-02-03 06:00:00,38.54,54.61,1.145,38.92,14.0,20.16,27.17,62.72,0,0,0,0,-0.10430265836213604
2026-02-03 07:00:00,42.85,72.34,1.288,35.26,12.16,29.59,27.42,73.51,0,0,0,0,-0.11951412435337566
2026-02-03 08:00:00,55.23,109.02,1.487,45.79,13.75,29.05,27.7,65.89,0,0,0,0,-0.10125358942514667
2026-02-03 09:00:00,48.67,70.33,1.437,35.95,12.83,34.83,28.56,71.73,0,0,0,0,-0.11499138099563933
2026-02-03 10:00:00,40.96,69.33,1.238,38.46,9.62,51.17,31.16,62.1,0,0,0,0,-0.09473834192589542
2026-02-03 11:00:00,48.69,78.02,1.082,23.64,11.39,49.49,31.76,61.44,0,0,0,0,-0.08549320329307547
2026-02-03 12:00:00,31.35,50.97,0.842,27.67,9.77,52.82,33.05,62.97,0,0,0,0,-0.08279169500439815
2026-02-03 13:00:00,39.42,45.48,0.739,18.67,8.85,45.75,32.65,53.99,0,0,0,0,-0.0419031353505428
2026-02-03 14:00:00,27.58,62.43,0.767,22.26,9.65,46.62,30.63,54.63,0,0,0,0,-0.0865134364146456
2026-02-03 15:00:00,,50.57,0.854,32.79,9.25,46.07,28.43,59.3,0,0,0,0,-0.10348747818533155
2026-02-03 16:00:00,39.92,78.18,1.036,34.09,13.26,39.82,28.41,63.24,0,0,0,0,-0.12073767486154008
2026-02-03 17:00:00,36.57,52.88,0.981,28.63,13.11,39.58,27.74,55.38,0,0,0,0,-0.10120595779846236
2026-02-03 18:00:00,64.33,98.64,1.568,42.83,11.59,31.13,25.82,56.26,0,0,0,0,-0.07314926123456156
2026-02-03 19:00:00,54.3,104.16,1.313,38.15,12.78,24.37,23.95,68.7,0,0,0,0,-0.11377734521181632
2026-02-03 20:00:00,58.64,108.68,1.479,36.58,17.95,15.64,23.63,64.32,0,0,0,0,-0.04185360652381592
2026-02-03 21:00:00,41.72,71.34,1.079,38.47,10.01,20.98,21.59,68.2,0,0,0,0,-0.11073678044485824
2026-02-03 22:00:00,38.97,73.43,0.971,35.54,12.84,23.64,20.58,64.55,0,0,0,0,-0.11124767174872446
2026-02-03 23:00:00,27.08,41.22,0.897,28.56,10.94,21.96,21.17,70.03,0,0,0,0,-0.10845722684062437
2026-02-04 00:00:00,146.4,152.5,1.597,61.02,33.66,19.06,20.13,74.85,1,-1,1,1,0.11194914570022768
2026-02-04 01:00:00,26.07,35.08,0.765,20.88,11.26,26.24,21.1,78.76,0,0,0,0,-0.10101209322399474
2026-02-04 02:00:00,27.75,56.64,0.826,20.25,9.83,38.4,21.7,72.22,0,0,0,0,-0.10784514628382119
2026-02-04 03:00:00,35.0,49.43,0.749,18.69,11.65,22.35,20.88,83.16,0,0,0,0,-0.07389570491880587
2026-02-04 04:00:00,38.36,81.12,1.022,24.75,12.02,26.19,22.82,72.22,0,0,0,0,-0.1168170632353141
2026-02-04 05:00:00,42.19,65.83,0.92,25.01,12.02,22.53,26.46,68.78,0,0,0,0,-0.12015106478699744
2026-02-04 06:00:00,33.87,56.12,1.115,30.85,8.48,34.62,24.77,78.69,0,0,0,0,-0.09931073109380478
2026-02-04 07:00:00,46.98,86.62,1.279,42.76,15.43,36.39,25.06,72.33,0,0,0,0,-0.11088806941486357
2026-02-04 08:00:00,48.44,80.22,1.304,43.9,15.19,41.71,26.7,66.76,0,0,0,0,-0.11553767904426288
2026-02-04 09:00:00,150.82,167.87,1.498,59.82,11.49,126.99,46.53,,1,-1,1,1,0.1724899380605313
2026-02-04 10:00:00,46.28,76.0,1.28,30.86,11.97,46.22,31.0,68.01,0,0,0,0,-0.1001754810472335
2026-02-04 11:00:00,27.51,56.11,0.937,28.17,10.26,50.86,31.38,66.83,0,0,0,0,-0.09162852319908787
2026-02-04 12:00:00,31.53,44.07,0.846,18.85,8.61,62.75,33.17,54.88,0,0,0,0,-0.02383061765059913
2026-02-04 13:00:00,19.24,30.23,0.657,20.04,5.82,53.62,28.33,61.3,0,0,0,0,-0.03335926961352814
2026-02-04 14:00:00,30.53,50.49,0.836,23.03,9.58,39.26,31.47,58.21,0,0,0,0,-0.0945577700112929
2026-02-04 15:00:00,23.71,49.49,0.791,30.03,9.59,50.93,32.0,52.93,0,0,0,0,-0.061311511685758324
2026-02-04 16:00:00,44.34,71.96,1.148,31.59,9.26,36.03,27.64,60.4,0,0,0,0,-0.11534695623712665
2026-02-04 17:00:00,50.43,104.92,1.299,38.68,13.43,38.1,27.22,61.19,0,0,0,0,-0.11376174206908368
2026-02-04 18:00:00,66.36,107.61,1.627,44.44,17.19,27.72,25.35,67.91,0,0,0,0,-0.058319904776323095
2026-02-04 19:00:00,60.99,97.78,1.399,39.99,15.95,16.09,23.77,70.4,0,0,0,0,-0.08013527261208991
2026-02-04 20:00:00,50.27,80.9,1.356,40.12,12.75,26.63,23.13,65.87,0,0,0,0,-0.12139351198757065
2026-02-04 21:00:00,52.88,71.46,1.201,38.21,9.24,26.96,24.1,66.66,0,0,0,0,-0.11450201837744522
2026-02-04 22:00:00,29.51,36.25,0.948,31.22,12.53,29.72,23.73,71.8,0,0,0,0,-0.11013084219247654
2026-02-04 23:00:00,26.31,37.04,0.927,28.99,10.95,28.27,20.58,70.93,0,0,0,0,-0.10183408559484797
2026-02-05 00:00:00,26.55,57.44,0.639,19.76,11.59,35.1,23.09,74.58,0,0,0,0,-0.10139592817604565
2026-02-05 01:00:00,317.29,407.98,8.955,126.11,74.92,4.23,21.04,74.75,1,-1,1,1,0.24101471294362703
2026-02-05 02:00:00,25.22,35.79,0.731,12.5,8.71,28.38,23.65,69.66,0,0,0,0,-0.0816610121080163
2026-02-05 03:00:00,19.69,47.21,0.462,23.69,3.64,33.36,22.32,71.42,0,0,0,0,-0.04606474506659114
2026-02-05 04:00:00,30.1,68.27,0.761,21.82,8.69,39.06,23.73,79.93,0,0,0,0,-0.08732855594139743
2026-02-05 05:00:00,28.94,62.81,0.908,32.7,11.96,33.99,25.35,71.89,0,0,0,0,-0.11965691117644905
2026-02-05 06:00:00,47.29,67.8,0.984,44.34,12.79,32.94,30.15,74.26,0,0,0,0,-0.09666059613522615
2026-02-05 07:00:00,52.7,81.01,1.309,42.52,10.6,36.96,28.79,66.07,0,0,0,0,-0.11511795532178332
2026-02-05 08:00:00,65.05,129.09,1.666,42.69,11.38,38.7,28.25,68.74,0,0,0,0,-0.049237955803341116
2026-02-05 09:00:00,51.82,88.4,1.457,43.2,12.4,45.4,31.41,73.1,0,0,0,0,-0.08079579842012008
2026-02-05 10:00:00,40.77,64.06,1.168,38.23,9.34,59.46,30.69,,0,0,0,0,-0.07382694465023582
2026-02-05 11:00:00,37.02,,1.049,29.12,12.85,47.42,31.09,53.63,0,0,0,0,-0.08775437342098463
2026-02-05 12:00:00,97.15,100.8,1.796,40.07,22.64,60.69,32.96,63.48,1,-1,1,1,0.054445504065499806
2026-02-05 13:00:00,33.25,48.0,0.859,27.6,9.95,51.49,31.73,55.1,0,0,0,0,-0.08015515725477967
2026-02-05 14:00:00,35.08,60.51,0.823,28.17,9.84,42.51,31.48,57.76,0,0,0,0,-0.09547195912785422
2026-02-05 15:00:00,52.22,97.28,1.119,29.77,13.8,43.33,30.29,56.06,0,0,0,0,-0.0907633978368605
2026-02-05 16:00:00,36.33,46.02,0.958,23.97,11.73,38.72,29.54,59.98,0,0,0,0,-0.1068394310873772
2026-02-05 17:00:00,46.46,76.82,1.336,41.12,13.09,37.9,28.33,56.37,0,0,0,0,-0.1049787972862199
2026-02-05 18:00:00,49.44,68.21,1.479,39.38,13.34,26.68,24.08,63.78,0,0,0,0,-0.10952690773792545
2026-02-05 19:00:00,57.09,82.4,1.593,47.29,13.55,21.88,25.78,65.56,0,0,0,0,-0.09418788923526211
2026-02-05 20:00:00,424.76,420.47,6.581,182.3,95.42,2.86,22.48,63.73,1,-1,1,1,0.2573102522741593
2026-02-05 21:00:00,46.67,82.72,1.161,29.43,11.06,29.0,20.79,67.69,0,0,0,0,-0.1134883928314448
2026-02-05 22:00:00,247.45,559.44,5.833,185.96,51.73,2.36,21.59,69.68,1,-1,1,1,0.2203453550284012
2026-02-05 23:00:00,29.18,40.36,0.873,29.35,15.46,26.86,21.21,66.99,0,0,0,0,-0.09656750673515757
2026-02-06 00:00:00,31.28,52.22,0.76,25.07,8.16,24.28,20.09,73.22,0,0,0,0,-0.10335691480518999
2026-02-06 01:00:00,28.14,32.66,0.647,21.94,9.89,30.11,22.12,74.61,0,0,0,0,-0.10171065869875429
2026-02-06 02:00:00,24.76,46.0,0.699,11.13,10.69,22.19,20.06,75.18,0,0,0,0,-0.08438031342620866
2026-02-06 03:00:00,24.29,53.66,0.595,28.29,9.76,27.58,22.06,74.39,0,0,0,0,-0.09819854614380208
2026-02-06 04:00:00,46.97,76.55,1.056,30.73,15.06,24.62,22.99,74.73,0,0,0,0,-0.11023326668849426
2026-02-06 05:00:00,30.95,48.64,1.013,23.35,10.42,21.57,24.97,70.24,0,0,0,0,-0.11068023690408724
2026-02-06 06:00:00,46.5,81.2,1.337,33.66,12.13,29.59,26.78,73.49,0,0,0,0,-0.11911927187232518
2026-02-06 07:00:00,101.97,112.47,1.365,43.31,14.41,87.43,45.71,22.75,1,-1,1,1,0.13960261083318953
2026-02-06 08:00:00,68.28,119.1,1.506,51.86,18.81,37.53,30.07,64.08,0,0,0,0,-0.019802043820367765
2026-02-06 09:00:00,58.75,134.16,1.475,42.23,16.97,45.55,30.42,66.35,0,0,0,0,-0.04605514755386336
2026-02-06 10:00:00,40.85,65.94,1.311,40.63,11.78,53.42,28.95,63.48,0,0,0,0,-0.09644532132631267
2026-02-06 11:00:00,41.13,66.44,0.958,22.55,12.0,45.01,29.43,64.18,0,0,0,0,-0.1071406025604345
2026-02-06 12:00:00,33.44,64.1,0.847,21.13,11.45,51.23,31.95,65.51,0,0,0,0,-0.08546461350993684
2026-02-06 13:00:00,26.16,62.9,0.842,13.04,10.94,48.81,31.52,60.63,0,0,0,0,-0.06444628078330239
2026-02-06 14:00:00,37.02,72.79,0.921,21.58,9.84,45.24,31.11,51.08,0,0,0,0,-0.06436780271243353
2026-02-06 15:00:00,37.19,35.5,1.127,36.04,13.78,42.83,30.33,60.19,0,0,0,0,-0.08970129041398112
2026-02-06 16:00:00,41.75,75.64,1.015,43.61,12.63,39.89,,63.88,0,0,0,0,-0.11413470986545038
2026-02-06 17:00:00,47.79,109.71,1.171,40.28,12.68,38.45,29.04,,0,0,0,0,-0.10478797784992316
2026-02-06 18:00:00,56.06,99.98,1.534,41.35,10.81,28.13,25.15,67.52,0,0,0,0,-0.09908826311233998
2026-02-06 19:00:00,125.03,196.52,1.392,45.19,13.89,46.83,42.16,23.32,1,-1,1,1,0.12611624917845515
2026-02-06 20:00:00,54.1,92.65,1.397,46.51,9.25,30.74,22.42,61.88,0,0,0,0,-0.08189220462360569
2026-02-06 21:00:00,42.39,54.57,1.18,30.2,10.96,30.63,22.94,69.12,0,0,0,0,-0.12071129529824381
2026-02-06 22:00:00,52.2,100.93,1.281,32.52,11.98,20.67,23.22,62.58,0,0,0,0,-0.10248581925925238
2026-02-06 23:00:00,25.54,30.68,0.835,33.22,11.19,31.66,20.66,72.24,0,0,0,0,-0.09374008084083119
2026-02-07 00:00:00,26.37,44.4,0.711,15.67,14.77,24.69,17.99,81.96,0,0,0,0,-0.05149848028047288
2026-02-07 01:00:00,22.75,27.24,0.601,16.53,11.53,23.67,19.14,69.17,0,0,0,0,-0.07449954879052928
2026-02-07 02:00:00,37.63,55.54,0.917,23.66,14.95,26.19,20.73,71.05,0,0,0,0,-0.1050270111315792
2026-02-07 03:00:00,20.51,51.67,0.959,22.57,11.47,27.06,21.94,71.46,0,0,0,0,-0.10693794487665853
2026-02-07 04:00:00,24.88,42.3,0.796,21.13,12.96,30.67,23.26,74.32,0,0,0,0,-0.10727992340531894
2026-02-07 05:00:00,,42.4,0.896,29.52,15.06,30.07,25.12,71.26,0,0,0,0,-0.10184307543333021
2026-02-07 06:00:00,46.28,62.63,1.1,40.6,11.02,26.7,26.12,76.92,0,0,0,0,-0.10708618031728834
2026-02-07 07:00:00,42.32,,1.211,51.19,10.48,26.06,29.18,71.59,0,0,0,0,-0.0882061492637855
2026-02-07 08:00:00,51.82,70.49,1.402,44.53,14.65,41.55,28.44,69.39,0,0,0,0,-0.10817385108130512
2026-02-07 09:00:00,37.52,63.25,1.162,40.22,11.74,43.03,29.35,65.96,0,0,0,0,-0.1126022304949385
2026-02-07 10:00:00,47.29,89.79,1.215,45.43,13.21,52.9,31.84,63.42,0,0,0,0,-0.08150657789541277
2026-02-07 11:00:00,34.66,50.46,1.092,27.48,10.92,52.8,29.97,58.79,0,0,0,0,-0.09172354436909391
2026-02-07 12:00:00,21.6,54.48,0.809,17.36,8.85,52.82,32.47,62.21,0,0,0,0,-0.051004188163091935
2026-02-07 13:00:00,38.16,54.35,0.861,27.01,15.38,56.93,31.94,53.77,0,0,0,0,-0.05628954994671881
2026-02-07 14:00:00,21.37,32.4,0.587,28.32,7.72,51.95,31.09,,0,0,0,0,-0.03814145170283917
2026-02-07 15:00:00,39.91,52.9,1.069,30.85,13.5,48.12,32.29,61.35,0,0,0,0,-0.09273919500458272
2026-02-07 16:00:00,35.69,70.79,0.997,31.63,12.72,39.89,28.5,60.69,0,0,0,0,-0.11631405583884685
2026-02-07 17:00:00,59.41,123.19,1.252,34.19,10.47,43.99,30.39,57.61,0,0,0,0,-0.07190629245153907
2026-02-07 18:00:00,171.61,170.1,4.458,88.95,27.42,23.67,26.23,64.17,1,-1,1,1,0.14721076066505062
2026-02-07 19:00:00,49.83,78.07,1.478,50.93,11.53,24.09,23.54,54.33,0,0,0,0,-0.06695959674320079
2026-02-07 20:00:00,46.6,92.07,1.129,36.47,13.9,20.1,23.83,67.76,0,0,0,0,-0.11397761822849006
2026-02-07 21:00:00,51.06,66.89,1.224,38.53,12.3,27.21,21.31,69.57,0,0,0,0,-0.11883716938904554
2026-02-07 22:00:00,37.48,68.65,1.013,30.5,11.56,21.59,20.83,71.55,0,0,0,0,-0.11643739968767053
2026-02-07 23:00:00,31.38,66.44,0.915,23.73,7.93,23.5,21.66,75.13,0,0,0,0,-0.10324636612827864
2026-02-08 00:00:00,33.28,55.85,0.716,23.52,16.44,23.08,21.66,,0,0,0,0,-0.09459731638055752
2026-02-08 01:00:00,19.53,38.82,0.528,21.84,10.11,26.25,20.43,71.09,0,0,0,0,-0.09186847636299939
2026-02-08 02:00:00,25.66,63.47,0.734,23.36,11.66,21.3,22.91,73.65,0,0,0,0,-0.10936976318083519
2026-02-08 03:00:00,33.22,78.2,0.752,18.81,10.13,16.55,23.99,74.01,0,0,0,0,-0.08104985933223385
2026-02-08 04:00:00,35.84,58.39,0.915,18.21,10.15,31.12,25.46,73.05,0,0,0,0,-0.10590760064002658
2026-02-08 05:00:00,35.25,51.78,0.865,31.54,15.73,18.53,25.7,72.85,0,0,0,0,-0.0913393696107016
2026-02-08 06:00:00,42.37,58.87,1.049,34.24,8.02,34.84,28.12,73.68,0,0,0,0,-0.1010873114804286
2026-02-08 07:00:00,40.33,78.27,1.299,50.17,12.65,41.0,25.65,66.61,0,0,0,0,-0.09698918851045474
2026-02-08 08:00:00,47.97,62.68,1.393,53.82,10.13,38.84,28.85,67.74,0,0,0,0,-0.0797891071017286
2026-02-08 09:00:00,54.29,86.55,1.48,53.73,12.54,49.69,29.32,70.56,0,0,0,0,-0.06661201878006223
2026-02-08 10:00:00,242.6,305.38,7.097,146.64,93.98,5.01,31.38,55.32,1,-1,1,1,0.25015013797388613
2026-02-08 11:00:00,38.33,57.2,0.93,33.8,9.66,59.04,31.1,61.94,0,0,0,0,-0.08652809105222103
2026-02-08 12:00:00,39.88,69.16,1.038,31.99,12.07,49.82,31.77,57.07,0,0,0,0,-0.0935995890024422
2026-02-08 13:00:00,22.12,67.28,0.559,26.35,4.56,43.48,34.04,54.85,0,0,0,0,-0.011182231173268664
2026-02-08 14:00:00,29.65,47.47,0.884,22.82,10.27,49.64,31.02,54.63,0,0,0,0,-0.08720999787216538
2026-02-08 15:00:00,36.12,54.38,1.022,34.68,11.41,54.92,30.84,57.23,0,0,0,0,-0.09015723839374329
2026-02-08 16:00:00,34.97,69.89,1.061,31.97,8.51,43.71,28.93,66.83,0,0,0,0,-0.10669171760851587
2026-02-08 17:00:00,58.47,99.34,1.324,41.88,17.18,30.91,27.97,55.44,0,0,0,0,-0.0689334493221016
2026-02-08 18:00:00,60.53,117.15,1.425,37.74,12.75,28.9,26.46,57.68,0,0,0,0,-0.08132361167243513
2026-02-08 19:00:00,58.42,98.36,1.482,49.71,13.32,31.52,25.56,58.75,0,0,0,0,-0.08783345648028767
2026-02-08 20:00:00,65.06,104.36,1.441,45.03,13.2,25.15,25.09,72.33,0,0,0,0,-0.08956430685881517
2026-02-08 21:00:00,36.82,39.35,1.042,39.23,11.5,,24.53,65.28,0,0,0,0,-0.10846963310876095
2026-02-08 22:00:00,39.38,45.54,1.096,34.0,14.82,22.81,22.04,70.56,0,0,0,0,-0.10576378537398823
2026-02-08 23:00:00,35.65,36.8,0.96,28.97,17.01,30.59,21.83,70.54,0,0,0,0,-0.08577279296909401
2026-02-09 00:00:00,18.15,34.5,0.492,19.03,11.46,29.09,19.55,71.63,0,0,0,0,-0.07559462049824284
2026-02-09 01:00:00,26.52,27.41,0.733,24.96,13.05,22.25,21.0,74.19,0,0,0,0,-0.10226927564432459
2026-02-09 02:00:00,16.07,41.59,0.597,18.29,13.38,26.28,22.78,84.16,0,0,0,0,-0.04857293246600869
2026-02-09 03:00:00,30.72,51.06,0.88,15.92,11.62,32.73,23.56,79.69,0,0,0,0,-0.09022749570071836
2026-02-09 04:00:00,37.86,59.54,0.942,29.69,15.24,27.96,23.91,70.57,0,0,0,0,-0.11665062649810443
2026-02-09 05:00:00,38.09,52.73,1.073,26.75,13.55,30.82,26.05,74.48,0,0,0,0,-0.11199569245063873
2026-02-09 06:00:00,32.16,60.53,1.073,28.11,11.53,22.39,26.99,67.21,0,0,0,0,-0.11649176164579061
2026-02-09 07:00:00,46.42,66.95,1.39,37.09,13.41,39.13,29.26,60.6,0,0,0,0,-0.11330432099844456
2026-02-09 08:00:00,58.99,85.51,1.402,48.02,9.89,40.58,29.49,70.54,0,0,0,0,-0.0876453261243837
2026-02-09 09:00:00,52.32,100.59,1.373,42.9,13.88,43.54,29.85,69.57,0,0,0,0,-0.10084656266695458
2026-02-09 10:00:00,26.42,47.85,0.963,22.95,7.25,52.64,31.55,66.29,0,0,0,0,-0.0582509154304901
2026-02-09 11:00:00,46.5,73.9,1.072,30.67,9.07,45.55,28.17,61.97,0,0,0,0,-0.10691954943076593
2026-02-09 12:00:00,33.43,62.85,0.887,32.19,11.77,50.29,32.33,58.24,0,0,0,0,-0.09447947095674752
2026-02-09 13:00:00,23.5,38.88,0.748,20.57,7.9,47.9,27.3,65.39,0,0,0,0,-0.07841142627166298
2026-02-09 14:00:00,105.71,176.14,0.909,25.33,11.73,101.97,47.52,18.43,1,-1,1,1,0.17476839559847906
2026-02-09 15:00:00,30.16,39.96,0.83,32.31,11.32,57.82,30.79,56.39,0,0,0,0,-0.07207934113056885
2026-02-09 16:00:00,36.74,85.47,0.954,36.3,12.08,46.09,29.67,52.32,0,0,0,0,-0.07982994590565723
2026-02-09 17:00:00,50.16,75.81,1.367,44.69,11.03,28.03,26.37,62.39,0,0,0,0,-0.11471582035393829
2026-02-09 18:00:00,65.51,126.76,1.578,32.56,16.53,36.06,25.48,67.55,0,0,0,0,-0.05500576013242919
2026-02-09 19:00:00,67.8,109.61,1.53,57.03,14.58,24.45,26.55,58.28,0,0,0,0,-0.03199242563460647
2026-02-09 20:00:00,55.3,100.92,1.412,,14.5,24.81,,69.86,0,0,0,0,-0.10677380264414821
2026-02-09 21:00:00,50.25,91.72,1.141,51.9,10.39,31.57,25.12,67.92,0,0,0,0,-0.0990702072902735
2026-02-09 22:00:00,44.57,87.3,1.109,29.95,12.06,14.59,,74.11,0,0,0,0,-0.09755992133168101
2026-02-09 23:00:00,23.67,28.97,0.748,16.86,12.78,25.28,21.48,75.95,0,0,0,0,-0.09339127133933767
2026-02-10 00:00:00,29.28,61.22,0.663,21.52,13.06,24.17,22.74,69.76,0,0,0,0,-0.1110672364093761
2026-02-10 01:00:00,19.92,55.03,0.726,18.33,8.24,27.56,21.14,68.54,0,0,0,0,-0.08991365442863336
2026-02-10 02:00:00,27.16,41.71,0.602,24.77,9.52,26.92,20.32,74.41,0,0,0,0,-0.1009819753854983
2026-02-10 03:00:00,399.37,450.49,7.792,211.72,67.41,3.26,22.26,78.85,1,-1,1,1,0.25355911034275164
2026-02-10 04:00:00,79.31,120.84,1.022,25.6,9.93,65.31,42.73,15.6,1,-1,1,1,0.10627837644253196
2026-02-10 05:00:00,37.33,57.44,1.065,29.44,8.66,31.98,23.2,71.67,0,0,0,0,-0.11714350414538521
2026-02-10 06:00:00,23.96,60.08,0.934,35.71,10.09,31.97,25.95,64.19,0,0,0,0,-0.10641616555401223
2026-02-10 07:00:00,52.58,74.7,1.295,42.15,14.65,33.21,26.78,76.94,0,0,0,0,-0.10626418933843684
2026-02-10 08:00:00,59.69,87.18,1.405,45.04,12.24,40.36,30.1,69.21,0,0,0,0,-0.09999017460693721
2026-02-10 09:00:00,55.51,110.92,1.388,49.21,13.35,53.01,30.17,67.72,0,0,0,0,-0.07069114620845052
2026-02-10 10:00:00,44.51,80.93,1.128,43.53,11.97,49.09,30.65,66.78,0,0,0,0,-0.1028531706574603
2026-02-10 11:00:00,49.15,106.54,1.066,38.54,15.24,47.67,31.41,63.25,0,0,0,0,-0.07810259295828353
2026-02-10 12:00:00,34.65,51.76,0.84,25.75,10.12,43.27,31.98,58.24,0,0,0,0,-0.09302702166472004
2026-02-10 13:00:00,33.22,56.33,0.806,14.07,10.06,45.43,32.26,57.28,0,0,0,0,-0.060441768163489784
2026-02-10 14:00:00,38.27,55.22,0.926,25.58,9.97,45.71,29.76,57.67,0,0,0,0,-0.10293150573379933
2026-02-10 15:00:00,35.85,60.88,0.814,24.44,9.08,44.05,28.83,70.26,0,0,0,0,-0.10476671172732716
2026-02-10 16:00:00,271.42,530.77,8.9,230.28,90.79,4.62,30.26,60.49,1,-1,1,1,0.26130306330034553
2026-02-10 17:00:00,30.92,59.24,1.035,32.38,10.8,37.21,27.1,59.42,0,0,0,0,-0.11460218740030148
2026-02-10 18:00:00,49.88,86.18,1.347,43.2,13.11,23.69,24.47,66.01,0,0,0,0,-0.1210181808199195
2026-02-10 19:00:00,61.55,100.87,1.683,41.91,16.96,21.51,25.27,60.18,0,0,0,0,-0.048913979860225
2026-02-10 20:00:00,50.01,77.83,1.382,36.92,15.93,29.12,23.96,72.46,0,0,0,0,-0.1093378295034595
2026-02-10 21:00:00,52.59,76.04,1.179,46.17,9.64,29.46,20.41,68.19,0,0,0,0,-0.09917908054681268
2026-02-10 22:00:00,40.19,75.05,1.087,28.14,13.44,19.42,21.64,73.02,0,0,0,0,-0.11033460860328609
2026-02-10 23:00:00,,54.29,1.021,29.22,12.64,26.1,21.69,76.53,0,0,0,0,-0.11912170858010923
2026-02-11 00:00:00,22.04,42.5,0.613,24.81,9.19,16.73,21.06,75.58,0,0,0,0,-0.07982040420700776
2026-02-11 01:00:00,27.59,70.42,0.594,25.81,11.48,18.76,21.55,75.02,0,0,0,0,-0.09625647878355548
2026-02-11 02:00:00,28.16,64.29,0.847,25.67,7.02,21.42,19.65,77.19,0,0,0,0,-0.079242411340681
2026-02-11 03:00:00,36.96,42.93,0.749,25.96,14.91,31.81,22.6,74.77,0,0,0,0,-0.09776218589818148
2026-02-11 04:00:00,18.29,23.73,0.714,26.55,10.96,24.45,22.97,,0,0,0,0,-0.09126389192964252
2026-02-11 05:00:00,33.27,59.96,0.946,36.7,9.42,23.75,,71.87,0,0,0,0,-0.11216078767849957
2026-02-11 06:00:00,50.02,81.7,1.297,40.43,11.71,29.07,27.11,76.35,0,0,0,0,-0.11165509516145294
2026-02-11 07:00:00,63.25,87.57,1.65,36.38,10.58,34.34,29.25,67.28,0,0,0,0,-0.07100629872783681
2026-02-11 08:00:00,57.7,99.82,1.535,43.7,13.08,36.66,30.95,62.01,0,0,0,0,-0.09093566194304048
2026-02-11 09:00:00,51.06,84.13,1.323,46.62,12.04,55.4,31.5,61.38,0,0,0,0,-0.08319784360613103
2026-02-11 10:00:00,209.52,231.33,3.398,78.42,24.28,46.3,30.65,67.31,1,-1,1,1,0.16471779309473783
2026-02-11 11:00:00,43.72,69.1,1.008,40.14,14.08,51.66,31.75,63.33,0,0,0,0,-0.08674043188697267
2026-02-11 12:00:00,29.63,,0.819,25.27,13.77,51.71,32.42,61.06,0,0,0,0,-0.08414806455827778
2026-02-11 13:00:00,32.43,38.3,0.701,25.04,11.18,54.15,31.45,57.63,0,0,0,0,-0.07633547972192822
2026-02-11 14:00:00,38.88,51.82,0.812,32.06,11.22,55.19,30.9,60.65,0,0,0,0,-0.09837976209391924
2026-02-11 15:00:00,48.25,88.28,1.066,29.8,13.78,53.49,,55.33,0,0,0,0,-0.0733377228225171
2026-02-11 16:00:00,46.03,88.95,1.154,35.06,12.56,35.86,28.64,58.68,0,0,0,0,-0.1154962005432803
2026-02-11 17:00:00,47.58,67.02,1.112,43.56,10.38,38.76,26.5,65.7,0,0,0,0,-0.11539365441949179
2026-02-11 18:00:00,209.19,211.92,3.627,100.82,18.83,29.87,25.45,66.77,1,-1,1,1,0.1398373914976358
2026-02-11 19:00:00,60.11,82.6,1.453,45.4,13.36,31.11,25.27,60.29,0,0,0,0,-0.10985702686066989
2026-02-11 20:00:00,52.67,84.73,1.498,48.0,13.81,24.63,23.18,63.72,0,0,0,0,-0.10025208705635025
2026-02-11 21:00:00,48.17,89.52,1.227,39.5,12.84,23.94,22.43,69.45,0,0,0,0,-0.12029310468556165
2026-02-11 22:00:00,31.22,46.29,0.856,38.53,11.58,30.81,21.94,77.66,0,0,0,0,-0.10646141596430381
2026-02-11 23:00:00,42.69,67.45,0.998,21.6,8.91,28.12,20.13,66.01,0,0,0,0,-0.09719047859227536
2026-02-12 00:00:00,16.19,13.16,0.479,10.41,11.08,34.87,21.29,74.95,0,0,0,0,-0.026742770967048524
2026-02-12 01:00:00,21.91,28.37,0.725,23.95,10.2,27.21,21.01,69.62,0,0,0,0,-0.10187170580784
2026-02-12 02:00:00,25.59,63.32,0.675,25.51,16.18,24.06,19.62,74.64,0,0,0,0,-0.07896494449358787
2026-02-12 03:00:00,40.64,67.94,0.866,24.21,11.21,14.46,23.69,72.55,0,0,0,0,-0.09532216715993624
2026-02-12 04:00:00,27.15,32.78,0.815,26.71,11.43,18.97,22.49,73.58,0,0,0,0,-0.10259812481041702
2026-02-12 05:00:00,31.69,48.51,0.831,33.24,17.39,24.54,22.42,73.02,0,0,0,0,-0.08859593189055259
2026-02-12 06:00:00,40.64,47.89,1.033,32.36,12.49,22.04,24.56,72.75,0,0,0,0,-0.11466760484967259
2026-02-12 07:00:00,63.9,93.27,1.554,42.16,14.24,35.24,26.0,68.49,0,0,0,0,-0.09582940627885217
2026-02-12 08:00:00,36.4,76.38,1.146,43.03,9.47,34.06,28.61,61.4,0,0,0,0,-0.1051299039020035
2026-02-12 09:00:00,45.28,73.0,1.21,46.5,15.89,41.6,29.34,68.5,0,0,0,0,-0.0982601029316354
2026-02-12 10:00:00,64.39,128.93,1.489,35.38,11.89,43.46,30.13,66.39,0,0,0,0,-0.06037049995600707
2026-02-12 11:00:00,41.71,67.67,1.076,30.64,13.11,57.38,31.82,63.94,0,0,0,0,-0.08650740581114669
2026-02-12 12:00:00,25.29,41.29,0.654,23.49,9.49,50.42,31.66,53.34,0,0,0,0,-0.052410043380035576
2026-02-12 13:00:00,29.57,56.48,0.721,26.13,10.54,54.48,31.43,59.87,0,0,0,0,-0.09212133493306579
2026-02-12 14:00:00,31.05,19.17,,24.83,7.97,50.85,30.98,60.99,0,0,0,0,-0.05698457109802457
2026-02-12 15:00:00,41.07,70.22,1.118,26.54,15.06,49.95,30.34,54.24,0,0,0,0,-0.07850208175936124
2026-02-12 16:00:00,53.31,87.37,1.284,41.88,12.72,40.75,25.92,62.2,0,0,0,0,-0.11834847185541347
2026-02-12 17:00:00,50.51,101.17,1.25,36.95,10.38,32.95,26.68,61.19,0,0,0,0,-0.11024771246010545
2026-02-12 18:00:00,48.67,91.88,1.394,41.6,,16.91,23.06,72.78,0,0,0,0,-0.09689412364255384
2026-02-12 19:00:00,60.29,85.87,1.412,38.9,12.92,24.17,24.29,72.8,0,0,0,0,-0.1065546225844819
2026-02-12 20:00:00,48.93,95.65,1.297,39.54,13.63,25.12,22.9,60.73,0,0,0,0,-0.10844238878566292
2026-02-12 21:00:00,38.57,60.5,1.148,39.84,13.71,27.78,23.01,78.47,0,0,0,0,-0.11012174526758628
2026-02-12 22:00:00,27.55,34.6,0.938,32.06,11.8,23.12,22.3,66.77,0,0,0,0,-0.10475824128842759
2026-02-12 23:00:00,71.39,111.52,1.538,64.56,11.21,31.56,20.55,77.22,1,-1,1,0,-0.0019284030397968555
2026-02-13 00:00:00,17.4,26.28,0.587,21.86,11.27,25.39,19.51,79.32,0,0,0,0,-0.07339746914180967
2026-02-13 01:00:00,16.5,45.69,0.565,29.46,9.43,22.03,20.87,71.27,0,0,0,0,-0.09085618544506724
2026-02-13 02:00:00,26.64,48.05,0.675,17.66,9.94,22.72,20.19,78.63,0,0,0,0,-0.09328215663874517
2026-02-13 03:00:00,17.99,32.15,0.583,12.55,9.56,36.86,21.68,75.38,0,0,0,0,-0.06392504616353678
2026-02-13 04:00:00,7.82,23.7,0.501,15.59,5.24,33.64,24.0,76.12,0,0,0,0,-0.01686588361002489
2026-02-13 05:00:00,28.8,60.64,0.895,25.42,11.3,32.97,23.46,75.14,0,0,0,0,-0.11549546231113766
2026-02-13 06:00:00,40.85,76.8,1.172,31.6,9.08,24.06,26.5,75.76,0,0,0,0,-0.10842475628182963
2026-02-13 07:00:00,47.95,96.16,1.346,42.97,12.17,30.9,27.76,69.35,0,0,0,0,-0.11658283962073857
2026-02-13 08:00:00,65.98,116.16,1.495,54.26,14.94,32.9,27.12,67.92,0,0,0,0,-0.05903558995672625
2026-02-13 09:00:00,47.98,81.18,1.25,50.22,15.16,45.85,30.56,68.68,0,0,0,0,-0.0821713089396649
2026-02-13 10:00:00,51.61,100.03,1.301,41.17,11.36,47.04,31.09,64.84,0,0,0,0,-0.09343525681878312
2026-02-13 11:00:00,37.4,60.61,1.1,41.48,14.93,48.52,30.91,64.31,0,0,0,0,-0.09211492773154484
2026-02-13 12:00:00,32.17,53.47,0.849,24.31,13.3,49.51,30.05,58.3,0,0,0,0,-0.10355759768159373
2026-02-13 13:00:00,24.45,61.01,0.676,14.86,9.5,47.23,29.73,56.02,0,0,0,0,-0.0534736450240047
2026-02-13 14:00:00,30.59,69.94,0.813,30.05,8.62,47.73,29.56,57.3,0,0,0,0,-0.0986879785295175
2026-02-13 15:00:00,29.56,48.68,0.746,17.78,7.78,51.81,29.97,56.22,0,0,0,0,-0.04886852123521318
2026-02-13 16:00:00,41.38,62.83,1.173,29.47,12.74,31.11,27.02,64.33,0,0,0,0,-0.11910823150012406
2026-02-13 17:00:00,45.7,92.97,1.24,41.29,10.95,35.94,27.35,64.96,0,0,0,0,-0.11366446307357331
2026-02-13 18:00:00,46.83,86.88,1.272,42.18,15.32,33.23,23.9,64.04,0,0,0,0,-0.11342101031005591
2026-02-13 19:00:00,61.89,105.9,1.527,46.22,12.69,23.73,23.71,71.35,0,0,0,0,-0.08203771993174885
2026-02-13 20:00:00,55.41,87.56,1.386,38.5,11.56,21.78,22.74,73.0,0,0,0,0,-0.10538418171185415
2026-02-13 21:00:00,43.84,76.32,1.308,38.26,12.9,31.69,24.4,68.22,0,0,0,0,-0.12664603542847747
2026-02-13 22:00:00,40.49,66.56,1.041,38.06,10.54,17.56,18.92,70.18,0,0,0,0,-0.09580589431897851
2026-02-13 23:00:00,82.67,139.96,1.79,67.82,27.01,25.83,21.78,78.49,1,-1,1,1,0.0754014281059538
2026-02-14 00:00:00,18.12,31.45,0.621,15.1,11.98,20.48,19.99,74.76,0,0,0,0,-0.07688760330171646
2026-02-14 01:00:00,24.69,43.92,0.597,14.42,10.73,16.11,20.48,76.11,0,0,0,0,-0.0735138119872844
2026-02-14 02:00:00,20.53,29.38,0.63,,10.32,25.29,20.67,74.87,0,0,0,0,-0.08963299335467106
2026-02-14 03:00:00,20.15,44.09,0.654,23.04,10.47,20.89,21.92,72.04,0,0,0,0,-0.0969631241275099
2026-02-14 04:00:00,19.22,47.17,0.548,24.84,6.2,27.61,22.33,69.53,0,0,0,0,-0.06971217343000152
2026-02-14 05:00:00,33.63,67.13,0.955,25.9,12.23,34.72,25.57,74.85,0,0,0,0,-0.11584774147364085
2026-02-14 06:00:00,48.84,77.27,1.231,27.02,13.24,36.11,24.69,69.48,0,0,0,0,-0.12066441129366084
2026-02-14 07:00:00,45.99,84.95,1.317,44.21,14.56,35.23,28.0,81.07,0,0,0,0,-0.08208768938656869
2026-02-14 08:00:00,,122.06,1.681,44.99,16.67,40.72,27.19,64.19,0,0,0,0,-0.04969024361234048
2026-02-14 09:00:00,156.91,255.09,3.011,98.29,22.53,44.39,29.01,60.65,1,-1,1,1,0.15541180296009544
2026-02-14 10:00:00,54.36,97.76,1.409,35.42,,43.53,28.66,66.75,0,0,0,0,-0.10880828002870307
2026-02-14 11:00:00,42.74,72.28,0.952,26.9,11.63,40.91,31.03,67.4,0,0,0,0,-0.10583006031796466
2026-02-14 12:00:00,45.34,105.93,0.967,29.49,13.08,60.25,32.39,59.11,0,0,0,0,-0.04891929713517357
2026-02-14 13:00:00,24.12,57.28,0.758,34.74,9.73,46.56,30.36,61.93,0,0,0,0,-0.09854678022809588
2026-02-14 14:00:00,13.67,31.09,0.63,25.14,10.38,57.33,29.66,52.1,0,0,0,0,-0.01994783844140563
2026-02-14 15:00:00,31.59,55.11,0.898,28.06,10.33,46.66,27.67,58.06,0,0,0,0,-0.10513804941507215
2026-02-14 16:00:00,45.0,76.22,1.333,35.77,16.12,33.94,27.58,56.38,0,0,0,0,-0.08890096331448882
2026-02-14 17:00:00,49.45,69.55,1.32,30.68,17.38,32.92,24.6,55.95,0,0,0,0,-0.07172679047068442
2026-02-14 18:00:00,55.26,70.31,1.517,38.76,15.45,36.22,23.98,65.05,0,0,0,0,-0.10315092534187603
2026-02-14 19:00:00,65.89,98.25,1.564,35.42,17.98,32.11,23.91,56.47,0,0,0,0,-0.030614435312214583
2026-02-14 20:00:00,56.44,92.56,1.362,53.26,10.26,22.79,23.89,61.21,0,0,0,0,-0.07772820514984019
2026-02-14 21:00:00,52.94,62.08,1.287,47.77,10.17,22.72,24.52,64.99,0,0,0,0,-0.103555050514756
2026-02-14 22:00:00,32.97,47.87,1.024,33.5,10.59,24.31,19.56,69.57,0,0,0,0,-0.1110871358288833
2026-02-14 23:00:00,196.51,338.87,4.201,198.26,89.91,3.82,21.42,74.1,1,-1,1,1,0.22568837202432063
2026-02-15 00:00:00,35.31,55.67,0.814,14.93,,29.78,19.79,76.41,0,0,0,0,-0.09518519202916781
2026-02-15 01:00:00,24.45,32.4,0.637,19.51,6.83,28.3,19.49,80.07,0,0,0,0,-0.057569661058305854
2026-02-15 02:00:00,20.03,,0.579,29.03,12.54,17.69,20.73,79.18,0,0,0,0,-0.07123383955773688
2026-02-15 03:00:00,21.41,56.01,0.633,21.99,14.88,28.68,21.15,80.86,0,0,0,0,-0.0695062987107653
2026-02-15 04:00:00,25.36,49.79,0.804,21.53,13.35,26.17,22.33,75.4,0,0,0,0,-0.1095733256517023
2026-02-15 05:00:00,31.07,44.54,0.971,20.6,13.5,27.3,23.02,75.82,0,0,0,0,-0.11187656375986715
2026-02-15 06:00:00,35.15,57.17,0.99,42.23,12.01,28.15,23.24,75.96,0,0,0,0,-0.11190883998907086
2026-02-15 07:00:00,41.32,67.84,1.311,40.83,10.28,38.05,24.48,72.57,0,0,0,0,-0.11138027354817476
2026-02-15 08:00:00,54.21,80.24,1.396,36.86,13.58,43.55,28.43,65.82,0,0,0,0,-0.11580388820222459
2026-02-15 09:00:00,48.56,70.9,1.375,38.01,17.49,39.22,28.44,64.87,0,0,0,0,-0.09545753518211353
2026-02-15 10:00:00,387.98,606.24,6.901,134.72,58.22,7.0,28.92,61.2,1,-1,1,1,0.25180227793694615
2026-02-15 11:00:00,39.65,60.38,1.135,30.56,10.96,,,63.73,0,0,0,0,-0.11888508797359931
2026-02-15 12:00:00,34.19,43.27,0.827,27.53,13.85,43.84,31.3,59.46,0,0,0,0,-0.09729206232986926
2026-02-15 13:00:00,24.99,40.71,0.73,20.61,13.08,51.16,30.36,56.99,0,0,0,0,-0.07329878961055458
2026-02-15 14:00:00,30.12,51.12,0.838,28.57,9.15,57.21,28.79,57.61,0,0,0,0,-0.08437473961082714
2026-02-15 15:00:00,37.74,38.59,0.866,29.0,11.2,37.04,30.16,53.68,0,0,0,0,-0.07976061720666178
2026-02-15 16:00:00,45.36,74.36,1.111,39.36,11.43,40.34,29.44,62.92,0,0,0,0,-0.11474376769903044
2026-02-15 17:00:00,47.05,88.05,1.22,37.17,12.86,33.29,26.8,61.87,0,0,0,0,-0.12187058326411293
2026-02-15 18:00:00,237.86,357.83,4.046,150.96,29.8,28.13,25.93,59.38,1,-1,1,1,0.1791806064272084
2026-02-15 19:00:00,55.4,118.17,1.427,43.06,11.77,21.48,24.82,67.86,0,0,0,0,-0.09173603489326154
2026-02-15 20:00:00,58.91,112.22,1.56,40.59,16.29,17.49,23.35,64.75,0,0,0,0,-0.05972315330101613
2026-02-15 21:00:00,44.01,90.01,1.157,33.21,12.62,17.62,21.57,64.16,0,0,0,0,-0.09648473907513666
2026-02-15 22:00:00,26.13,76.71,0.93,29.12,15.73,32.14,20.67,75.98,0,0,0,0,-0.08464688206428128
2026-02-15 23:00:00,34.84,66.59,0.923,19.31,12.19,19.11,20.01,71.63,0,0,0,0,-0.09410093819161242
2026-02-16 00:00:00,29.21,50.16,0.597,22.94,10.71,20.16,17.87,75.28,0,0,0,0,-0.08221547456417883
2026-02-16 01:00:00,28.23,58.27,0.741,11.84,12.09,35.38,20.2,76.02,0,0,0,0,-0.08422703951977956
2026-02-16 02:00:00,26.91,37.69,0.578,22.26,9.95,19.58,18.27,82.96,0,0,0,0,-0.04684225318724866
2026-02-16 03:00:00,23.69,40.38,0.725,15.03,6.42,26.67,19.81,77.58,0,0,0,0,-0.06408445976802185
2026-02-16 04:00:00,24.92,33.35,0.7,22.35,9.96,33.43,23.45,69.6,0,0,0,0,-0.10307310489357041
2026-02-16 05:00:00,39.91,,1.011,34.18,11.43,32.38,24.21,75.72,0,0,0,0,-0.11879751523648613
2026-02-16 06:00:00,47.89,71.2,1.12,49.4,9.29,21.81,26.4,69.13,0,0,0,0,-0.09595858846216204
2026-02-16 07:00:00,47.22,69.68,1.331,36.97,12.56,29.0,25.7,78.46,0,0,0,0,-0.10998043229406801
2026-02-16 08:00:00,275.7,296.91,3.437,93.47,14.8,37.08,25.95,69.64,1,-1,1,1,0.14431012444193186
2026-02-16 09:00:00,47.38,76.52,1.258,38.78,11.97,52.49,28.17,57.5,0,0,0,0,-0.09003164501008565
2026-02-16 10:00:00,41.29,45.01,1.096,32.24,12.67,43.65,29.45,65.43,0,0,0,0,-0.11235022621195856
2026-02-16 11:00:00,48.33,,1.15,29.38,13.05,46.55,29.96,70.02,0,0,0,0,-0.1049940144938829
2026-02-16 12:00:00,37.66,48.37,0.941,31.31,10.86,54.09,31.4,66.05,0,0,0,0,-0.09090569768322371
2026-02-16 13:00:00,26.45,33.04,0.538,20.98,10.46,53.8,29.4,67.83,0,0,0,0,-0.0589389086056214
2026-02-16 14:00:00,33.24,59.81,0.988,36.56,9.6,51.89,29.7,55.36,0,0,0,0,-0.08560234525016153
2026-02-16 15:00:00,35.02,60.41,0.945,30.14,11.53,38.98,27.2,64.84,0,0,0,0,-0.12132185258683459
2026-02-16 16:00:00,21.73,48.65,0.889,24.27,10.3,38.67,27.78,57.61,0,0,0,0,-0.09238498630109138
2026-02-16 17:00:00,41.21,77.03,1.16,35.95,10.14,34.43,25.9,63.26,0,0,0,0,-0.12149879317579676
2026-02-16 18:00:00,,101.25,1.258,40.03,13.95,31.66,23.56,59.87,0,0,0,0,-0.10120532152185563
2026-02-16 19:00:00,53.3,95.24,1.491,49.46,13.91,23.45,22.74,63.92,0,0,0,0,-0.09037268722060415
2026-02-16 20:00:00,54.95,93.19,1.378,36.12,13.13,23.21,21.47,65.97,0,0,0,0,-0.10849298066056623
2026-02-16 21:00:00,54.15,102.55,1.37,33.67,18.74,17.15,20.21,74.61,0,0,0,0,-0.04247761217215423
2026-02-16 22:00:00,36.78,71.72,0.995,29.34,11.37,34.74,21.78,74.1,0,0,0,0,-0.11326943639895742
2026-02-16 23:00:00,25.08,45.9,0.8,29.37,,24.84,18.97,75.83,0,0,0,0,-0.10387749117985695
2026-02-17 00:00:00,26.92,59.67,0.619,27.17,9.76,28.93,18.6,70.86,0,0,0,0,-0.09403588634103727
2026-02-17 01:00:00,21.7,8.0,0.69,26.97,8.03,22.37,16.55,77.9,0,0,0,0,-0.00982474639501274
2026-02-17 02:00:00,23.75,35.71,0.558,23.47,11.88,24.23,18.53,75.17,0,0,0,0,-0.08632247267078652
2026-02-17 03:00:00,23.74,35.49,0.855,21.38,8.86,17.76,20.15,80.67,0,0,0,0,-0.07186618805197387
2026-02-17 04:00:00,44.9,87.91,1.16,32.23,11.24,12.95,,81.52,0,0,0,0,-0.06216497301136703
2026-02-17 05:00:00,20.16,52.12,0.904,21.49,8.83,35.85,24.57,77.45,0,0,0,0,-0.09153759180640597
2026-02-17 06:00:00,42.08,52.03,1.256,27.49,10.04,27.39,24.12,70.1,0,0,0,0,-0.11725669624904955
2026-02-17 07:00:00,53.4,105.05,1.388,45.78,9.49,34.4,27.28,58.53,0,0,0,0,-0.08522019274219456
2026-02-17 08:00:00,50.6,69.44,1.498,39.89,12.04,31.6,27.12,61.52,0,0,0,0,-0.10903934555903216
2026-02-17 09:00:00,58.19,82.31,1.445,44.23,15.74,37.29,28.22,72.08,0,0,0,0,-0.09674803225612433
2026-02-17 10:00:00,51.37,81.94,1.141,39.2,13.57,51.3,28.93,62.86,0,0,0,0,-0.10891051016856984
2026-02-17 11:00:00,285.41,560.33,4.122,175.6,79.1,4.22,29.58,59.58,1,-1,1,1,0.23615541480968677
2026-02-17 12:00:00,29.69,30.29,0.897,30.29,12.62,50.06,31.81,65.94,0,0,0,0,-0.07221260879792046
2026-02-17 13:00:00,28.16,54.26,0.751,27.92,11.97,51.52,26.77,67.93,0,0,0,0,-0.09927384915986875
2026-02-17 14:00:00,29.69,57.15,0.686,25.58,15.11,47.0,26.59,62.34,0,0,0,0,-0.09836711644388857
2026-02-17 15:00:00,33.96,68.69,0.843,25.64,11.18,42.94,27.45,59.79,0,0,0,0,-0.1092189882306634
2026-02-17 16:00:00,99.49,126.35,,33.37,12.07,125.11,49.14,17.87,1,-1,1,1,0.17570112826930634
2026-02-17 17:00:00,,80.99,1.345,36.44,12.91,30.76,26.45,62.78,0,0,0,0,-0.12000211507950481
2026-02-17 18:00:00,58.0,95.34,1.331,43.94,17.2,32.18,24.75,70.29,0,0,0,0,-0.09601206922349181
2026-02-17 19:00:00,345.32,621.56,6.825,226.73,83.28,4.68,22.29,68.6,1,-1,1,1,0.2582607266894968
2026-02-17 20:00:00,45.35,40.81,1.24,43.3,11.11,25.25,22.63,70.53,0,0,0,0,-0.0982885308364731
2026-02-17 21:00:00,34.02,44.64,0.971,38.6,12.69,32.31,21.5,74.54,0,0,0,0,-0.10359239490251537
2026-02-17 22:00:00,45.77,75.59,1.14,30.57,10.78,24.01,19.6,68.18,0,0,0,0,-0.11078693863936095
2026-02-17 23:00:00,34.12,43.28,0.863,32.86,12.59,23.58,19.97,76.84,0,0,0,0,-0.10698641835440859
2026-02-18 00:00:00,27.73,42.66,0.758,24.97,11.68,30.67,,74.77,0,0,0,0,-0.11093925273860145
2026-02-18 01:00:00,15.15,23.49,0.441,22.59,9.1,30.54,18.12,,0,0,0,0,-0.043059337147841326
2026-02-18 02:00:00,38.14,55.04,0.765,24.77,13.06,29.85,20.17,68.16,0,0,0,0,-0.10970195282232142
2026-02-18 03:00:00,22.4,37.73,0.469,26.7,6.97,6.12,20.33,72.96,0,0,0,0,-0.026156332718710873
2026-02-18 04:00:00,30.74,58.25,0.636,31.78,11.43,27.82,21.33,78.43,0,0,0,0,-0.10750126700518964
2026-02-18 05:00:00,42.24,66.86,1.182,33.04,11.21,28.31,24.41,73.82,0,0,0,0,-0.12256702321516721
2026-02-18 06:00:00,37.15,55.86,1.261,35.16,18.01,24.61,21.11,76.56,0,0,0,0,-0.07632494286106978
2026-02-18 07:00:00,47.1,75.72,1.327,46.81,13.05,33.89,23.77,80.45,0,0,0,0,-0.08818935963101787
2026-02-18 08:00:00,56.92,93.82,1.415,41.66,12.38,36.94,25.36,65.1,0,0,0,0,-0.1154825020156966
2026-02-18 09:00:00,72.48,98.7,1.6,43.83,12.22,43.1,27.48,,0,0,0,0,-0.06748304215871576
2026-02-18 10:00:00,47.41,83.77,1.288,37.55,15.61,44.63,28.47,66.09,0,0,0,0,-0.10882965432513392
2026-02-18 11:00:00,49.09,75.59,1.082,24.4,12.14,54.23,27.51,61.5,0,0,0,0,-0.08921104425969156
2026-02-18 12:00:00,40.41,81.81,0.954,31.88,10.3,52.84,28.31,62.63,0,0,0,0,-0.1026933905437401
2026-02-18 13:00:00,32.98,61.51,0.81,19.91,12.04,51.74,28.27,55.13,0,0,0,0,-0.07471267818610727
2026-02-18 14:00:00,23.39,52.64,0.663,20.99,11.77,53.74,31.69,63.29,0,0,0,0,-0.06926375228103127
2026-02-18 15:00:00,98.0,158.41,0.949,28.47,13.63,127.0,49.63,19.23,1,-1,1,1,0.18567392658618737
2026-02-18 16:00:00,29.05,43.47,0.944,30.98,10.95,44.3,26.21,70.03,0,0,0,0,-0.1050362162044578
2026-02-18 17:00:00,58.78,82.07,1.304,39.58,14.23,30.16,24.94,63.1,0,0,0,0,-0.1167266349939225
2026-02-18 18:00:00,54.17,80.91,1.45,43.82,13.93,29.34,22.56,69.98,0,0,0,0,-0.1092532658789876
2026-02-18 19:00:00,36.71,75.6,1.2,41.84,12.41,24.89,20.22,68.56,0,0,0,0,-0.10945513053660533
2026-02-18 20:00:00,50.5,101.17,1.38,41.19,13.98,32.96,21.03,68.95,0,0,0,0,-0.1067037235839065
2026-02-18 21:00:00,51.36,70.97,1.404,35.95,15.54,26.8,18.83,69.93,0,0,0,0,-0.09854461789079749
2026-02-18 22:00:00,37.4,56.21,1.007,37.83,11.86,19.77,19.04,73.84,0,0,0,0,-0.10027555512440911
2026-02-18 23:00:00,37.23,60.52,1.0,17.86,9.93,32.43,16.66,78.07,0,0,0,0,-0.04599246883785224
2026-02-19 00:00:00,18.32,37.25,0.435,18.26,9.51,12.88,17.47,74.14,0,0,0,0,-0.020693111357016236
2026-02-19 01:00:00,14.99,8.0,0.503,16.37,11.16,28.06,18.74,76.67,0,0,0,0,-0.02909703471367464
2026-02-19 02:00:00,24.39,21.01,0.663,23.04,6.51,21.17,19.54,74.8,0,0,0,0,-0.05979868226725987
2026-02-19 03:00:00,25.38,47.75,0.849,14.86,6.62,34.8,20.47,86.1,0,0,0,0,-0.03360124091884509
2026-02-19 04:00:00,27.22,21.52,0.612,22.22,12.74,25.61,19.52,77.58,0,0,0,0,-0.08304161813800714
2026-02-19 05:00:00,,67.4,1.053,31.49,15.75,22.22,,80.41,0,0,0,0,-0.08644823904611537
2026-02-19 06:00:00,38.46,65.41,1.227,41.34,9.06,24.91,22.87,73.46,0,0,0,0,-0.11139491081190905
2026-02-19 07:00:00,54.12,94.28,1.341,45.4,13.63,28.59,26.01,71.66,0,0,0,0,-0.11218677621210948
2026-02-19 08:00:00,56.28,91.17,1.456,40.14,12.75,35.24,26.56,63.81,0,0,0,0,-0.11325679209587763
2026-02-19 09:00:00,41.62,64.29,1.28,38.81,11.59,39.87,26.05,66.56,0,0,0,0,-0.1228046300707924
2026-02-19 10:00:00,36.08,69.67,1.097,39.98,12.28,43.09,28.19,65.97,0,0,0,0,-0.1138310680628099
2026-02-19 11:00:00,37.08,64.61,1.104,24.7,8.86,51.12,29.55,68.96,0,0,0,0,-0.0891581276802646
2026-02-19 12:00:00,45.92,68.01,1.037,28.45,10.16,,30.02,61.87,0,0,0,0,-0.11014303615222332
2026-02-19 13:00:00,33.16,55.17,0.92,24.72,10.65,44.62,28.92,66.47,0,0,0,0,-0.11312474207226209
2026-02-19 14:00:00,18.46,35.05,0.62,20.43,9.53,42.29,30.37,61.4,0,0,0,0,-0.05956353615685889
2026-02-19 15:00:00,12.01,40.43,0.567,36.94,6.72,48.56,28.86,66.2,0,0,0,0,-0.039510757789408046
2026-02-19 16:00:00,45.62,84.71,1.102,32.03,14.3,40.18,26.2,61.69,0,0,0,0,-0.1186737852208854
2026-02-19 17:00:00,45.91,90.32,1.135,40.98,11.67,36.68,26.07,71.77,0,0,0,0,-0.11386143230779561
2026-02-19 18:00:00,172.58,323.65,4.109,115.33,29.79,29.53,26.06,60.77,1,-1,1,1,0.17040346738250972
2026-02-19 19:00:00,49.88,76.02,1.365,47.42,13.61,34.57,24.66,61.7,0,0,0,0,-0.10986485457704614
2026-02-19 20:00:00,55.72,89.11,1.379,48.82,13.29,26.47,19.5,65.61,0,0,0,0,-0.09034197378628123
2026-02-19 21:00:00,51.36,83.03,1.333,36.87,14.98,,18.72,81.68,0,0,0,0,-0.06880826951274693
2026-02-19 22:00:00,35.78,46.94,0.91,31.83,9.52,40.08,20.73,75.12,0,0,0,0,-0.09830934048973361
2026-02-19 23:00:00,29.59,64.02,0.897,22.38,7.89,13.16,17.13,75.05,0,0,0,0,-0.04066313388684034
2026-02-20 00:00:00,268.17,329.98,7.009,249.76,62.49,2.14,16.61,83.04,1,-1,1,1,0.26644484365973337
2026-02-20 01:00:00,27.46,41.64,0.783,26.4,10.88,22.74,17.8,80.77,0,0,0,0,-0.07651324311112279
2026-02-20 02:00:00,23.6,46.64,0.62,18.02,7.63,27.15,19.43,85.21,0,0,0,0,-0.03792466287193008
2026-02-20 03:00:00,33.65,58.2,0.845,11.71,8.31,23.46,19.67,71.44,0,0,0,0,-0.07894201768176118
2026-02-20 04:00:00,26.57,52.47,0.775,33.42,11.06,28.49,20.14,76.31,0,0,0,0,-0.10890855019226842
2026-02-20 05:00:00,26.92,28.29,0.914,24.55,9.02,24.75,21.44,74.19,0,0,0,0,-0.10290546408616591
2026-02-20 06:00:00,59.06,95.7,1.366,38.88,10.71,20.65,22.81,66.41,0,0,0,0,-0.09928045514104483
2026-02-20 07:00:00,47.12,77.06,1.187,50.55,14.84,28.36,24.03,76.65,0,0,0,0,-0.08861993164896548
2026-02-20 08:00:00,51.62,92.65,1.498,44.42,11.77,38.56,29.14,65.69,0,0,0,0,-0.10259364445475327
2026-02-20 09:00:00,147.71,248.49,3.187,77.07,31.19,46.38,27.89,69.65,1,-1,1,1,0.16415632577220213
2026-02-20 10:00:00,44.94,44.15,1.252,31.18,12.56,44.68,29.47,73.42,0,0,0,0,-0.09515474539858515
2026-02-20 11:00:00,35.06,44.86,1.01,22.13,12.15,47.46,28.36,62.27,0,0,0,0,-0.10399132532312799
2026-02-20 12:00:00,32.11,52.25,0.774,,10.75,53.16,28.91,60.3,0,0,0,0,-0.10213484708123133
2026-02-20 13:00:00,418.81,391.05,6.531,125.07,94.75,5.73,28.08,62.17,1,-1,1,1,0.2559002990339882
2026-02-20 14:00:00,106.49,147.16,2.374,54.54,14.43,50.25,25.2,67.44,1,-1,1,1,0.04753991506820626
2026-02-20 15:00:00,17.97,36.64,0.674,22.25,9.52,39.1,25.85,60.14,0,0,0,0,-0.07884774473154282
2026-02-20 16:00:00,53.71,89.6,1.292,35.81,14.17,29.22,24.19,61.21,0,0,0,0,-0.11261005176782002
2026-02-20 17:00:00,45.77,75.14,1.212,29.52,8.64,31.2,22.33,69.8,0,0,0,0,-0.11394221973788105
2026-02-20 18:00:00,57.09,107.44,1.531,47.04,13.59,25.76,22.17,67.74,0,0,0,0,-0.08346598053072901
2026-02-20 19:00:00,46.89,70.29,1.394,44.99,10.22,21.87,23.76,57.4,0,0,0,0,-0.09012271356175905
2026-02-20 20:00:00,50.11,80.99,1.388,53.21,13.53,29.92,20.79,64.39,0,0,0,0,-0.07908271324552185
2026-02-20 21:00:00,41.37,55.19,1.144,37.85,12.09,34.11,21.25,76.09,0,0,0,0,-0.10756736802765399
2026-02-20 22:00:00,49.25,98.28,1.181,30.08,14.56,18.82,19.31,74.73,0,0,0,0,-0.08407149919492418
2026-02-20 23:00:00,28.88,52.37,0.922,26.46,13.24,31.33,19.2,71.46,0,0,0,0,-0.10402008991384004
2026-02-21 00:00:00,29.24,39.76,0.705,19.84,11.93,9.96,16.99,77.03,0,0,0,0,-0.042969519754089025
2026-02-21 01:00:00,19.53,30.85,0.637,21.8,11.85,29.92,18.89,77.09,0,0,0,0,-0.0845947122208765
2026-02-21 02:00:00,21.12,40.96,0.625,20.42,9.34,20.81,19.68,80.06,0,0,0,0,-0.07216413511265818
2026-02-21 03:00:00,24.96,38.17,0.7,15.74,16.71,28.97,18.98,72.81,0,0,0,0,-0.059341196085839876
2026-02-21 04:00:00,39.19,58.25,1.05,18.94,9.24,20.11,21.48,72.8,0,0,0,0,-0.09537062087591935
2026-02-21 05:00:00,22.8,29.76,0.901,29.05,9.12,27.41,22.81,75.89,0,0,0,0,-0.09742294074513597
2026-02-21 06:00:00,35.16,62.09,1.077,42.25,13.5,22.54,22.89,73.83,0,0,0,0,-0.10876642332582076
2026-02-21 07:00:00,37.91,58.25,1.226,40.89,13.45,30.56,23.62,75.06,0,0,0,0,-0.11570397027581197
2026-02-21 08:00:00,47.98,73.72,1.317,48.46,13.87,45.24,24.87,65.7,0,0,0,0,-0.10102219824393388
2026-02-21 09:00:00,46.62,60.9,1.3,47.31,14.15,41.81,27.53,68.44,0,0,0,0,-0.10651761543097449
2026-02-21 10:00:00,33.66,56.48,1.078,36.4,6.78,58.1,28.69,69.04,0,0,0,0,-0.0591079033528249
2026-02-21 11:00:00,32.19,50.94,0.988,25.66,14.72,46.85,27.9,66.05,0,0,0,0,-0.10431588733199038
2026-02-21 12:00:00,17.89,25.66,0.725,24.21,9.34,59.33,29.06,62.4,0,0,0,0,-0.047463635519707836
2026-02-21 13:00:00,22.72,39.87,0.599,28.71,13.01,43.06,29.53,60.01,0,0,0,0,-0.07687590587540133
2026-02-21 14:00:00,39.47,74.11,0.98,29.21,7.47,45.84,29.03,56.7,0,0,0,0,-0.08475583998203257
2026-02-21 15:00:00,37.42,70.17,0.925,32.29,12.31,42.15,29.28,59.03,0,0,0,0,-0.11358565915026503
2026-02-21 16:00:00,41.36,74.88,0.99,30.93,10.9,47.08,27.81,65.51,0,0,0,0,-0.11534758628330405
2026-02-21 17:00:00,40.47,63.88,,36.63,13.31,32.41,23.74,63.83,0,0,0,0,-0.11893701857803612
2026-02-21 18:00:00,43.2,64.47,1.399,41.37,13.02,17.72,25.54,59.63,0,0,0,0,-0.09913579856856308
2026-02-21 19:00:00,47.62,66.04,1.39,44.07,13.57,17.5,21.46,65.69,0,0,0,0,-0.08947167875162393
2026-02-21 20:00:00,52.58,79.63,1.451,49.68,10.93,19.0,22.02,68.99,0,0,0,0,-0.08360951125001503
2026-02-21 21:00:00,52.85,87.45,1.373,28.38,13.16,26.62,19.71,69.98,0,0,0,0,-0.10449008495359258
2026-02-21 22:00:00,45.13,65.02,1.225,34.12,12.12,25.44,18.25,76.01,0,0,0,0,-0.10117564641818738
2026-02-21 23:00:00,36.49,61.35,0.976,27.84,12.74,18.77,16.03,79.46,0,0,0,0,-0.04857709386632836
2026-02-22 00:00:00,18.37,18.73,0.472,12.44,12.01,20.94,17.8,80.53,0,0,0,0,-0.008818700346736652
2026-02-22 01:00:00,23.35,18.59,0.801,23.75,10.67,25.44,,85.04,0,0,0,0,-0.04972137806708549
2026-02-22 02:00:00,21.94,46.04,0.717,16.83,7.39,19.57,19.9,80.9,0,0,0,0,-0.04880476994154426
2026-02-22 03:00:00,110.82,77.28,1.295,50.99,17.21,28.55,21.44,72.3,1,-1,1,0,-0.0221421707565575
2026-02-22 04:00:00,44.32,63.08,0.891,37.38,18.18,24.75,19.8,74.07,0,0,0,0,-0.07227548870675482
2026-02-22 05:00:00,23.81,26.16,0.857,32.99,14.0,25.94,22.44,74.83,0,0,0,0,-0.0936094173062535
2026-02-22 06:00:00,42.86,75.8,1.141,39.75,5.74,27.57,22.63,72.66,0,0,0,0,-0.09030952741798204
2026-02-22 07:00:00,60.86,116.92,1.511,46.99,14.23,30.34,24.17,67.73,0,0,0,0,-0.08376371108016234
2026-02-22 08:00:00,45.21,69.76,1.4,43.02,14.57,40.93,27.18,66.77,0,0,0,0,-0.11214673742728215
2026-02-22 09:00:00,48.16,76.88,1.287,52.55,12.41,35.35,27.34,,0,0,0,0,-0.10282867019863823
2026-02-22 10:00:00,42.24,82.55,1.067,40.79,11.21,51.25,30.35,60.5,0,0,0,0,-0.10131180919690463
2026-02-22 11:00:00,36.17,37.95,0.999,26.78,11.03,53.81,28.23,62.53,0,0,0,0,-0.08717576137967653
2026-02-22 12:00:00,20.46,57.37,0.653,16.75,11.26,54.24,30.2,65.53,0,0,0,0,-0.05666908350991173
2026-02-22 13:00:00,33.82,85.13,0.833,27.73,8.86,52.55,28.93,61.72,0,0,0,0,-0.08500986716541792
2026-02-22 14:00:00,34.24,24.02,0.731,25.23,14.04,47.41,29.22,69.76,0,0,0,0,-0.07662792929841011
2026-02-22 15:00:00,37.8,61.19,0.916,21.47,11.66,47.07,26.85,62.18,0,0,0,0,-0.10671953268553291
2026-02-22 16:00:00,34.5,48.3,1.043,34.01,9.39,38.95,26.19,60.77,0,0,0,0,-0.1089376410703865
2026-02-22 17:00:00,48.14,76.26,1.303,37.83,15.29,25.91,24.79,63.38,0,0,0,0,-0.1122143486583897
2026-02-22 18:00:00,46.82,72.23,1.262,45.34,9.28,29.17,22.5,66.95,0,0,0,0,-0.10764072687726695
2026-02-22 19:00:00,52.99,97.17,1.34,47.61,12.08,16.62,22.87,68.12,0,0,0,0,-0.09285065358290218
2026-02-22 20:00:00,67.05,109.27,1.569,43.69,13.45,23.59,21.53,76.93,0,0,0,0,-0.04558936945249081
2026-02-22 21:00:00,47.73,67.82,1.295,42.25,17.49,21.1,20.33,67.53,0,0,0,0,-0.08696219994748888
2026-02-22 22:00:00,30.57,48.37,0.971,28.57,9.55,22.73,20.59,75.41,0,0,0,0,-0.1092845507814324
2026-02-22 23:00:00,33.88,62.08,0.845,25.55,6.65,24.91,19.93,74.68,0,0,0,0,-0.08239967176841967
2026-02-23 00:00:00,15.17,10.83,0.564,16.0,8.24,20.24,17.56,70.91,0,0,0,0,-0.011812031465428252
2026-02-23 01:00:00,15.32,8.0,0.664,24.44,10.53,27.31,18.64,80.34,0,0,0,0,-0.03936709172940961
2026-02-23 02:00:00,16.58,51.28,0.584,17.98,11.38,24.33,18.0,83.7,0,0,0,0,-0.03671097595826267
2026-02-23 03:00:00,23.41,30.91,0.541,28.59,15.35,21.76,19.65,74.21,0,0,0,0,-0.06462922235933843
2026-02-23 04:00:00,81.55,159.97,0.893,35.44,14.72,63.53,44.91,10.04,1,-1,1,1,0.1330103066010559
2026-02-23 05:00:00,41.11,63.06,1.188,27.71,12.52,28.05,24.04,66.79,0,0,0,0,-0.1227982177561936
2026-02-23 06:00:00,48.67,86.89,1.13,23.43,10.91,29.35,23.95,68.24,0,0,0,0,-0.11441281779123669
2026-02-23 07:00:00,43.74,93.44,1.282,46.89,15.95,39.08,24.68,76.01,0,0,0,0,-0.08345600928181435
2026-02-23 08:00:00,51.75,92.34,1.4,43.44,12.36,45.26,27.71,66.2,0,0,0,0,-0.10996749526843086
2026-02-23 09:00:00,54.6,71.87,1.417,39.51,12.01,42.0,24.81,65.03,0,0,0,0,-0.11058556162144723
2026-02-23 10:00:00,40.67,50.5,1.153,33.52,11.15,42.79,25.87,68.13,0,0,0,0,-0.11026936579693564
2026-02-23 11:00:00,36.04,54.68,1.057,28.43,8.85,42.95,29.8,60.3,0,0,0,0,-0.10263359708976022
2026-02-23 12:00:00,35.37,55.13,0.882,33.22,10.51,51.19,29.11,59.92,0,0,0,0,-0.10813914759550608
2026-02-23 13:00:00,26.98,23.86,0.841,24.33,10.19,55.9,29.15,63.69,0,0,0,0,-0.07100763255947784
2026-02-23 14:00:00,32.56,63.56,0.809,31.6,12.86,47.64,26.71,57.48,0,0,0,0,-0.10014217618219862
2026-02-23 15:00:00,45.94,62.76,1.006,32.72,11.74,25.07,27.4,57.39,0,0,0,0,-0.10824617328475084
2026-02-23 16:00:00,39.45,83.0,0.992,31.31,9.16,44.73,28.7,60.29,0,0,0,0,-0.1075393087775266
2026-02-23 17:00:00,55.47,113.38,1.197,38.69,10.02,36.63,25.96,66.18,0,0,0,0,-0.0933738261438617
2026-02-23 18:00:00,56.71,90.59,1.466,47.47,14.13,23.7,23.75,69.74,0,0,0,0,-0.1017793486271889
2026-02-23 19:00:00,45.42,80.21,1.507,47.99,12.7,29.34,21.6,64.86,0,0,0,0,-0.0954517519437535
2026-02-23 20:00:00,44.65,58.9,1.336,47.24,11.25,26.48,20.33,73.45,0,0,0,0,-0.09356716595254622
2026-02-23 21:00:00,40.86,74.91,1.222,36.41,11.06,17.39,17.12,70.66,0,0,0,0,-0.07766481302227046
2026-02-23 22:00:00,32.3,47.32,0.926,32.28,12.08,29.83,19.11,80.6,0,0,0,0,-0.08934654823301325
2026-02-23 23:00:00,32.53,40.63,0.851,30.36,14.31,17.25,19.27,,0,0,0,0,-0.0931334032337775
2026-02-24 00:00:00,27.47,41.86,0.767,19.2,9.03,21.03,16.18,83.75,0,0,0,0,-0.025563177544838223
2026-02-24 01:00:00,33.03,48.91,0.917,16.65,11.5,21.14,17.47,75.69,0,0,0,0,-0.07803514928880106
2026-02-24 02:00:00,25.63,38.39,0.795,17.16,12.67,18.5,17.43,87.2,0,0,0,0,-0.02512125120469655
2026-02-24 03:00:00,22.62,48.72,0.727,20.37,8.55,25.44,18.54,81.01,0,0,0,0,-0.06937687661454328
2026-02-24 04:00:00,15.65,16.39,0.632,25.72,9.53,33.3,20.9,72.62,0,0,0,0,-0.07591768123089582
2026-02-24 05:00:00,36.56,81.14,0.987,36.78,11.57,29.79,19.67,75.54,0,0,0,0,-0.10052183515841856
2026-02-24 06:00:00,44.3,57.19,1.12,30.38,9.55,30.59,24.34,76.05,0,0,0,0,-0.11435970798518713
2026-02-24 07:00:00,52.84,106.57,1.273,40.5,13.65,23.73,25.93,74.91,0,0,0,0,-0.1003715593529263
2026-02-24 08:00:00,234.15,272.21,3.64,100.39,25.03,28.28,26.06,69.27,1,-1,1,1,0.15775863955692843
2026-02-24 09:00:00,60.82,100.34,1.488,49.06,15.3,39.05,24.53,69.9,0,0,0,0,-0.0824536858222043
2026-02-24 10:00:00,50.46,77.37,1.231,35.78,10.43,44.34,27.19,69.07,0,0,0,0,-0.111762527388104
2026-02-24 11:00:00,31.02,47.05,0.788,27.35,11.12,48.67,30.42,62.36,0,0,0,0,-0.10871661024441132
2026-02-24 12:00:00,28.72,57.01,0.792,18.34,13.91,57.37,25.8,59.61,0,0,0,0,-0.06569127656413115
2026-02-24 13:00:00,29.41,66.52,0.743,26.43,15.51,50.15,28.53,58.04,0,0,0,0,-0.08497321086104209
2026-02-24 14:00:00,24.94,55.44,0.633,22.85,13.31,49.6,26.99,62.82,0,0,0,0,-0.08572335331950182
2026-02-24 15:00:00,37.43,56.91,0.902,25.28,9.15,49.07,28.5,64.88,0,0,0,0,-0.10690057111952206
2026-02-24 16:00:00,408.43,319.44,8.466,154.93,42.55,4.94,25.59,68.93,1,-1,1,1,0.2301957663269742
2026-02-24 17:00:00,39.65,56.03,1.104,43.11,10.9,46.16,25.57,65.78,0,0,0,0,-0.09835515873896167
2026-02-24 18:00:00,,89.85,1.578,40.63,14.79,20.54,24.34,65.41,0,0,0,0,-0.08295545381130881
2026-02-24 19:00:00,56.05,78.73,1.318,41.8,11.91,22.87,24.45,67.96,0,0,0,0,-0.11762522119022056
2026-02-24 20:00:00,41.03,62.46,1.097,47.79,8.33,19.3,20.68,66.72,0,0,0,0,-0.07842733244477301
2026-02-24 21:00:00,46.37,79.51,1.234,39.2,11.88,30.9,20.24,70.37,0,0,0,0,-0.11538350415377996
2026-02-24 22:00:00,41.26,45.14,1.075,36.55,13.72,24.81,17.14,71.77,0,0,0,0,-0.08508750681758104
2026-02-24 23:00:00,40.08,65.58,0.993,30.96,12.64,20.6,19.81,68.97,0,0,0,0,-0.1122488998483615
2026-02-25 00:00:00,21.38,53.46,0.571,19.72,11.02,18.6,17.29,78.77,0,0,0,0,-0.052984912002939144
2026-02-25 01:00:00,263.14,534.28,5.451,229.27,68.64,5.68,17.72,78.83,1,-1,1,1,0.23549258802541145
2026-02-25 02:00:00,25.54,35.12,0.674,25.33,11.44,25.79,18.92,80.55,0,0,0,0,-0.0794917326101322
2026-02-25 03:00:00,16.49,10.45,0.553,26.16,10.81,31.06,17.96,81.35,0,0,0,0,-0.018861921044702912
2026-02-25 04:00:00,19.78,38.15,0.803,28.65,9.37,26.35,21.25,77.34,0,0,0,0,-0.10045064088640576
2026-02-25 05:00:00,,44.49,1.031,26.01,12.56,28.8,23.47,76.43,0,0,0,0,-0.11472695036418545
2026-02-25 06:00:00,52.84,100.51,1.278,45.39,17.12,27.4,24.09,72.98,0,0,0,0,-0.08711191478910096
2026-02-25 07:00:00,53.83,86.26,1.598,41.89,13.7,26.59,23.27,74.75,0,0,0,0,-0.08672146630046118
2026-02-25 08:00:00,65.99,130.85,1.574,44.22,14.69,34.9,26.36,66.37,0,0,0,0,-0.06096505110186207
2026-02-25 09:00:00,59.8,77.94,1.517,44.04,14.21,36.02,28.54,67.58,0,0,0,0,-0.10448908418229991
2026-02-25 10:00:00,49.7,93.02,1.297,42.43,12.49,46.24,26.28,69.52,0,0,0,0,-0.1033152087835697
2026-02-25 11:00:00,68.54,102.18,0.97,32.29,10.19,139.1,49.08,17.11,1,-1,1,1,0.17300301948599023
2026-02-25 12:00:00,44.28,69.1,1.005,27.24,12.89,55.33,30.34,60.9,0,0,0,0,-0.09874791201564925
2026-02-25 13:00:00,33.83,39.38,0.837,29.08,10.27,53.32,29.43,57.98,0,0,0,0,-0.09034511861195066
2026-02-25 14:00:00,28.23,53.73,0.775,25.01,10.5,47.78,29.06,57.91,0,0,0,0,-0.10296499839416184
2026-02-25 15:00:00,30.47,58.39,0.802,24.29,9.31,53.88,29.93,54.23,0,0,0,0,-0.07783714652363866
2026-02-25 16:00:00,41.78,90.35,1.1,29.79,12.42,43.2,27.13,66.15,0,0,0,0,-0.1195368010338223
2026-02-25 17:00:00,35.48,70.65,1.265,38.69,12.83,40.99,26.04,66.5,0,0,0,0,-0.11274414381876169
2026-02-25 18:00:00,169.15,234.54,1.561,44.58,13.37,67.27,44.19,14.13,1,-1,1,1,0.17938737372070507
2026-02-25 19:00:00,47.86,66.93,1.396,37.5,8.37,24.03,22.16,74.91,0,0,0,0,-0.09893835332595957
2026-02-25 20:00:00,55.46,75.08,1.498,48.65,14.84,24.02,20.14,69.11,0,0,0,0,-0.08248321723959684
2026-02-25 21:00:00,41.65,86.4,1.107,35.47,12.43,27.64,20.48,82.9,0,0,0,0,-0.0828453617587146
2026-02-25 22:00:00,37.43,52.42,1.0,40.39,9.56,17.68,19.63,71.92,0,0,0,0,-0.09414984093053663
2026-02-25 23:00:00,27.09,62.46,0.881,19.34,12.41,17.29,17.93,76.68,0,0,0,0,-0.07767252166093619
2026-02-26 00:00:00,22.93,44.13,0.752,19.31,7.22,,17.15,75.98,0,0,0,0,-0.05443762508316402
2026-02-26 01:00:00,37.4,65.66,0.747,19.7,14.04,24.44,21.35,76.31,0,0,0,0,-0.10563656998071563
2026-02-26 02:00:00,33.92,52.29,0.737,17.97,11.27,22.02,19.53,80.59,0,0,0,0,-0.08195133407870109
2026-02-26 03:00:00,28.61,55.13,0.909,20.34,5.87,16.69,19.14,77.64,0,0,0,0,-0.05927265750517541
2026-02-26 04:00:00,28.91,47.51,0.796,33.91,11.28,27.4,22.27,82.56,0,0,0,0,-0.08365988380949518
2026-02-26 05:00:00,412.1,409.81,7.75,217.76,54.35,5.35,22.38,76.15,1,-1,1,1,0.24138050452643517
2026-02-26 06:00:00,52.19,94.46,1.291,34.78,11.99,31.46,23.64,74.64,0,0,0,0,-0.1092404351807027
2026-02-26 07:00:00,46.66,75.25,1.334,33.1,,43.0,26.05,66.96,0,0,0,0,-0.11845189024524588
2026-02-26 08:00:00,54.33,80.06,1.425,37.06,13.15,37.99,25.16,72.03,0,0,0,0,-0.11468881417249388
2026-02-26 09:00:00,39.85,72.95,1.308,38.21,10.92,40.21,28.28,65.81,0,0,0,0,-0.11109106795110446
2026-02-26 10:00:00,53.85,,1.404,35.93,9.3,50.87,31.04,60.13,0,0,0,0,-0.08330276957269867
2026-02-26 11:00:00,52.57,92.6,1.082,32.68,16.06,48.55,,59.23,0,0,0,0,-0.07860221637976517
2026-02-26 12:00:00,88.2,104.65,0.799,14.58,10.6,109.19,47.38,17.05,1,-1,1,1,0.17832357201322208
2026-02-26 13:00:00,14.96,10.18,0.668,20.66,7.89,46.92,28.71,60.07,0,0,0,0,-0.02410735462736424
2026-02-26 14:00:00,35.54,79.46,0.844,30.91,9.07,44.67,28.29,54.88,0,0,0,0,-0.08796299989558787
2026-02-26 15:00:00,28.38,65.39,0.784,34.85,12.53,43.35,27.61,58.03,0,0,0,0,-0.1024617486405579
2026-02-26 16:00:00,35.86,69.77,1.083,22.67,8.73,42.63,26.33,61.59,0,0,0,0,-0.0989227851440968
2026-02-26 17:00:00,,,1.388,35.91,13.48,35.44,26.57,63.94,0,0,0,0,-0.1205829096456924
2026-02-26 18:00:00,54.7,86.66,1.384,39.99,12.19,32.94,21.98,68.61,0,0,0,0,-0.11261012636708112
2026-02-26 19:00:00,51.87,102.17,1.437,45.9,12.03,28.99,23.68,68.36,0,0,0,0,-0.10843488914034499
2026-02-26 20:00:00,48.6,75.94,1.25,36.94,10.43,25.55,20.87,66.64,0,0,0,0,-0.11431465253599271
2026-02-26 21:00:00,47.43,70.67,1.175,47.44,11.38,21.81,20.65,71.98,0,0,0,0,-0.09160008823219301
2026-02-26 22:00:00,36.54,82.75,1.02,32.47,11.67,16.84,17.98,70.81,0,0,0,0,-0.08796214350026993
2026-02-26 23:00:00,301.41,426.45,4.532,243.6,97.69,3.18,20.39,70.96,1,-1,1,1,0.24818867551863139
2026-02-27 00:00:00,22.27,57.97,0.548,28.04,8.5,21.88,20.11,71.23,0,0,0,0,-0.08690541752413505
2026-02-27 01:00:00,27.12,27.97,0.628,21.07,10.51,11.95,19.97,71.31,0,0,0,0,-0.061578343225365484
2026-02-27 02:00:00,22.67,43.63,0.555,22.6,12.22,17.99,17.56,83.28,0,0,0,0,-0.03487728605050211
2026-02-27 03:00:00,16.08,51.38,0.62,16.51,5.95,35.03,21.26,78.95,0,0,0,0,-0.04402850529287283
2026-02-27 04:00:00,36.34,60.31,0.72,19.69,11.62,,21.9,79.7,0,0,0,0,-0.09417009961411615
2026-02-27 05:00:00,16.75,24.48,0.651,23.48,7.58,24.68,20.82,76.75,0,0,0,0,-0.07646696778009915
2026-02-27 06:00:00,40.98,53.6,0.991,47.43,9.78,29.13,24.15,76.2,0,0,0,0,-0.09296625220194171
2026-02-27 07:00:00,48.51,93.04,1.37,45.78,13.43,22.99,26.05,63.54,0,0,0,0,-0.11043428573624176
2026-02-27 08:00:00,55.96,83.09,1.325,47.37,12.4,39.17,27.62,71.59,0,0,0,0,-0.10617406005496877
2026-02-27 09:00:00,56.4,91.92,1.434,39.32,10.96,48.46,28.32,67.02,0,0,0,0,-0.09489998366345814
2026-02-27 10:00:00,53.13,72.85,1.418,43.51,16.23,45.58,29.34,66.6,0,0,0,0,-0.09855494257005931
2026-02-27 11:00:00,32.75,72.71,1.061,23.05,13.3,42.94,31.32,62.54,0,0,0,0,-0.09657317034585189
2026-02-27 12:00:00,36.84,74.64,0.748,19.19,7.43,49.85,31.22,55.95,0,0,0,0,-0.04383040730802262
2026-02-27 13:00:00,31.51,51.61,0.817,21.64,7.91,53.65,26.13,57.45,0,0,0,0,-0.06941140796034012
2026-02-27 14:00:00,19.0,17.49,0.577,32.24,11.21,50.27,28.65,57.53,0,0,0,0,-0.045031831723426174
2026-02-27 15:00:00,47.48,96.77,0.957,40.04,12.12,35.57,27.98,,0,0,0,0,-0.11442543776400538
2026-02-27 16:00:00,29.95,45.02,0.923,28.7,14.3,49.79,24.94,65.81,0,0,0,0,-0.09839361338032154
2026-02-27 17:00:00,51.21,71.24,1.39,36.42,14.48,26.03,25.84,56.94,0,0,0,0,-0.10260617133544347
2026-02-27 18:00:00,56.75,72.49,1.493,36.47,14.33,25.85,25.82,59.01,0,0,0,0,-0.09724484402344324
2026-02-27 19:00:00,57.64,87.36,1.432,46.72,11.52,17.99,21.6,64.63,0,0,0,0,-0.08361204410338502
2026-02-27 20:00:00,49.67,64.5,1.416,44.07,14.05,19.15,22.0,66.77,0,0,0,0,-0.09897005008104004
2026-02-27 21:00:00,52.99,79.95,1.133,44.09,10.49,19.37,19.37,66.33,0,0,0,0,-0.08765441233792931
2026-02-27 22:00:00,28.82,56.48,0.857,35.26,13.75,26.72,18.8,67.89,0,0,0,0,-0.1051860712283843
2026-02-27 23:00:00,32.72,49.48,0.807,26.5,12.2,31.44,20.84,69.75,0,0,0,0,-0.11219886535868667
2026-02-28 00:00:00,20.0,37.27,0.604,22.41,8.19,21.98,18.24,76.93,0,0,0,0,-0.07254501688840653
2026-02-28 01:00:00,395.54,,5.769,201.77,48.83,1.83,19.64,71.63,1,-1,1,1,0.23022463453156244
2026-02-28 02:00:00,,46.06,0.686,24.24,15.68,24.81,17.41,78.7,0,0,0,0,-0.05544896249745662
2026-02-28 03:00:00,33.5,78.33,0.779,21.22,10.87,29.18,22.77,79.07,0,0,0,0,-0.09615258393440795
2026-02-28 04:00:00,28.1,42.19,0.781,27.19,12.02,28.06,22.41,70.12,0,0,0,0,-0.11630509266260891
2026-02-28 05:00:00,41.71,73.43,1.075,33.41,11.22,27.23,22.81,73.98,0,0,0,0,-0.12348352585671718
2026-02-28 06:00:00,44.44,54.54,1.194,37.53,12.63,27.13,25.15,76.29,0,0,0,0,-0.11865060939404665
2026-02-28 07:00:00,45.8,93.81,1.281,46.05,9.26,31.86,24.21,70.58,0,0,0,0,-0.10205739764307514
2026-02-28 08:00:00,53.88,83.17,1.476,37.72,13.39,37.99,28.66,64.91,0,0,0,0,-0.11387340467091789
2026-02-28 09:00:00,49.89,94.92,1.419,37.57,13.08,47.79,28.0,71.25,0,0,0,0,-0.1002443604437504
2026-02-28 10:00:00,,65.78,1.094,35.13,16.03,58.28,29.03,63.15,0,0,0,0,-0.08640668202797347
2026-02-28 11:00:00,40.19,,1.011,24.11,8.07,50.09,29.25,67.3,0,0,0,0,-0.08896108522528778
2026-02-28 12:00:00,33.53,63.38,0.946,24.33,10.74,50.52,29.34,63.31,0,0,0,0,-0.10798822104415862
2026-02-28 13:00:00,18.94,25.83,0.555,20.04,12.73,53.9,30.7,57.97,0,0,0,0,-0.030637872491098728
2026-02-28 14:00:00,18.97,44.41,0.8,29.01,9.37,46.57,29.63,61.42,0,0,0,0,-0.09222959593605368
2026-02-28 15:00:00,37.39,52.58,0.824,29.25,11.36,48.63,29.25,60.63,0,0,0,0,-0.11292585489881501
2026-02-28 16:00:00,34.4,66.1,0.957,37.0,9.61,41.86,27.33,64.99,0,0,0,0,-0.11283020504405955
2026-02-28 17:00:00,50.1,77.98,1.202,41.07,10.96,31.02,26.64,59.5,0,0,0,0,-0.11145947752770208
2026-02-28 18:00:00,58.84,101.29,1.645,42.41,9.87,29.82,24.11,64.64,0,0,0,0,-0.08080193726735868
2026-02-28 19:00:00,46.95,71.93,1.321,44.86,11.31,28.19,25.88,63.43,0,0,0,0,-0.12042296661999563
2026-02-28 20:00:00,42.56,70.82,1.234,45.48,10.08,18.4,20.01,72.81,0,0,0,0,-0.08929172490114562
2026-02-28 21:00:00,59.06,84.55,1.356,47.32,14.17,25.4,22.27,65.06,0,0,0,0,-0.0995796282777674
2026-02-28 22:00:00,41.37,71.22,1.076,32.56,10.4,25.94,21.54,75.18,0,0,0,0,-0.1166145086670467
2026-02-28 23:00:00,29.4,49.04,0.806,18.58,9.88,27.87,18.34,77.15,0,0,0,0,-0.0908310155910445
2026-03-01 00:00:00,64.83,58.09,1.674,31.45,14.12,31.49,21.86,68.06,1,0,0,0,-0.06190849403029647
2026-03-01 01:00:00,20.14,32.57,0.32,18.12,9.91,25.46,20.58,80.34,0,0,0,0,-0.05500555993825801
2026-03-01 02:00:00,15.42,27.05,0.558,7.46,8.38,24.6,21.12,84.76,0,0,0,0,-0.019726386186429024
2026-03-01 03:00:00,31.98,45.36,0.776,32.42,8.86,25.1,20.87,80.55,0,0,0,0,-0.09317684032314882
2026-03-01 04:00:00,23.75,37.65,0.81,27.01,10.56,28.5,21.73,81.65,0,0,0,0,-0.08360475801718176
2026-03-01 05:00:00,112.49,117.07,1.161,28.76,14.73,73.57,45.35,14.09,1,-1,1,1,0.13970489088288734
2026-03-01 06:00:00,42.52,98.31,1.144,31.26,12.53,29.47,25.23,65.47,0,0,0,0,-0.11837391978069661
2026-03-01 07:00:00,45.78,88.24,1.369,47.21,11.24,34.22,27.88,61.56,0,0,0,0,-0.11038593730244328
2026-03-01 08:00:00,52.23,89.45,1.336,39.68,12.95,43.24,27.76,69.04,0,0,0,0,-0.11711521958275606
2026-03-01 09:00:00,34.38,70.79,1.228,34.71,6.93,40.26,27.6,64.59,0,0,0,0,-0.09169127008606126
2026-03-01 10:00:00,45.23,50.88,1.146,33.55,12.22,60.48,30.57,59.33,0,0,0,0,-0.07987293241453247
2026-03-01 11:00:00,36.74,29.92,0.88,31.21,10.79,55.15,31.25,60.83,0,0,0,0,-0.07685710623616859
2026-03-01 12:00:00,37.76,57.51,,30.31,9.72,46.1,31.13,62.45,0,0,0,0,-0.10552627610937043
2026-03-01 13:00:00,42.02,28.8,0.737,27.58,8.09,148.3,44.0,21.33,1,-1,1,1,0.157242244801637
2026-03-01 14:00:00,39.06,61.6,0.911,31.7,11.0,51.42,29.31,58.0,0,0,0,0,-0.10704342455352694
2026-03-01 15:00:00,39.45,67.56,1.076,,14.13,41.43,27.66,66.82,0,0,0,0,-0.12052134529597358
2026-03-01 16:00:00,49.76,93.15,1.109,40.03,,29.99,26.6,57.26,0,0,0,0,-0.10165749962243836
2026-03-01 17:00:00,46.73,63.45,1.322,35.54,10.63,26.22,24.37,67.22,0,0,0,0,-0.11738408063616596
2026-03-01 18:00:00,60.83,105.16,1.441,36.39,12.94,28.81,25.21,61.55,0,0,0,0,-0.09861510359596537
2026-03-01 19:00:00,45.02,74.46,1.356,40.45,11.42,17.29,23.41,68.08,0,0,0,0,-0.10769828319278196
2026-03-01 20:00:00,57.42,98.92,1.47,40.78,15.52,16.01,21.67,72.89,0,0,0,0,-0.07132457542117637
2026-03-01 21:00:00,40.65,60.83,1.218,34.51,12.38,23.89,17.52,76.4,0,0,0,0,-0.08840482047224768
2026-03-01 22:00:00,27.1,61.32,0.917,25.57,10.91,22.52,18.71,77.29,0,0,0,0,-0.10068618723364714
2026-03-01 23:00:00,25.48,40.8,0.726,23.73,11.73,22.39,21.02,68.27,0,0,0,0,-0.10744148946261245
2026-03-02 00:00:00,23.57,60.17,0.711,23.44,9.04,21.5,18.7,80.62,0,0,0,0,-0.06951535101439998
2026-03-02 01:00:00,18.84,21.59,0.725,28.07,12.88,18.38,20.13,72.5,0,0,0,0,-0.07416530406603744
2026-03-02 02:00:00,27.03,53.51,0.646,12.84,10.7,25.95,18.59,79.13,0,0,0,0,-0.07117928527664402
2026-03-02 03:00:00,13.68,21.86,0.408,13.35,7.48,24.69,22.88,75.77,0,0,0,0,-0.0322915525389757
2026-03-02 04:00:00,14.77,20.44,0.659,18.27,8.97,25.26,22.13,77.52,0,0,0,0,-0.06869158194027336
2026-03-02 05:00:00,45.72,83.03,1.053,36.15,15.28,28.25,23.99,75.09,0,0,0,0,-0.11080101501756251
2026-03-02 06:00:00,51.55,81.47,1.257,37.59,12.22,28.14,27.87,66.37,0,0,0,0,-0.1265551349010598
2026-03-02 07:00:00,45.56,43.22,1.345,38.41,14.64,31.58,28.33,63.13,0,0,0,0,-0.09963569640033204
2026-03-02 08:00:00,54.88,53.8,1.42,49.36,12.11,27.8,27.49,71.75,0,0,0,0,-0.09526456243063375
2026-03-02 09:00:00,59.6,113.61,1.448,49.62,12.28,43.57,28.29,67.07,0,0,0,0,-0.08496820246468612
2026-03-02 10:00:00,47.96,93.89,1.217,37.83,14.25,47.24,29.5,68.54,0,0,0,0,-0.10185848339990161
2026-03-02 11:00:00,38.94,86.9,1.119,27.0,9.97,48.37,31.07,61.07,0,0,0,0,-0.09327766268095711
2026-03-02 12:00:00,180.76,490.02,6.414,203.6,42.09,1.25,30.53,54.9,1,-1,1,1,0.23623085759603973
2026-03-02 13:00:00,24.3,24.58,0.608,21.82,11.2,51.53,30.01,63.82,0,0,0,0,-0.05854763331878077
2026-03-02 14:00:00,31.35,46.7,0.708,23.73,9.21,52.89,31.71,56.15,0,0,0,0,-0.07133686200556105
2026-03-02 15:00:00,330.33,448.43,5.195,187.64,53.03,4.95,28.95,60.99,1,-1,1,1,0.21594449042759717
2026-03-02 16:00:00,39.31,52.78,0.954,37.46,10.72,50.41,30.72,55.26,0,0,0,0,-0.08690510937385415
2026-03-02 17:00:00,334.12,499.14,5.149,217.59,45.28,5.36,26.75,68.17,1,-1,1,1,0.20750018179862678
2026-03-02 18:00:00,54.64,117.03,1.47,49.43,17.62,28.14,27.38,58.02,0,0,0,0,-0.044688690048541535
2026-03-02 19:00:00,56.05,98.22,1.525,52.69,12.79,29.41,24.25,63.79,0,0,0,0,-0.08590058445953408
2026-03-02 20:00:00,45.75,75.36,1.283,44.77,13.75,26.47,23.67,67.13,0,0,0,0,-0.11862429755042309
2026-03-02 21:00:00,52.8,71.58,,37.57,13.33,22.91,20.51,66.37,0,0,0,0,-0.11165859179783272
2026-03-02 22:00:00,32.17,71.64,0.973,36.58,11.27,30.31,19.5,74.27,0,0,0,0,-0.10445575806514296
2026-03-02 23:00:00,70.81,137.21,0.894,29.37,10.69,42.59,44.95,12.55,1,-1,1,1,0.10936360640571458
2026-03-03 00:00:00,22.43,33.54,0.676,33.13,8.36,26.27,21.0,72.14,0,0,0,0,-0.09436489231051698
2026-03-03 01:00:00,26.54,49.56,0.47,22.58,11.39,30.85,20.06,77.56,0,0,0,0,-0.0861137179175891
2026-03-03 02:00:00,10.98,11.09,0.481,21.75,8.46,27.07,19.03,66.7,0,0,0,0,-0.030639766194356266
2026-03-03 03:00:00,32.4,55.22,0.821,24.98,9.25,22.26,19.83,77.33,0,0,0,0,-0.10749753228214742
2026-03-03 04:00:00,25.16,24.21,0.711,23.81,12.75,17.26,20.9,75.44,0,0,0,0,-0.08011654717727257
2026-03-03 05:00:00,44.96,87.23,1.074,30.88,12.71,13.3,21.83,72.41,0,0,0,0,-0.09189016208274436
2026-03-03 06:00:00,40.76,65.99,1.198,37.92,11.57,38.77,25.52,76.19,0,0,0,0,-0.11036657677741069
2026-03-03 07:00:00,52.07,99.83,1.386,45.94,16.16,35.85,28.17,67.37,0,0,0,0,-0.10470717436046456
2026-03-03 08:00:00,68.85,111.18,1.744,54.34,10.85,34.03,28.15,66.96,0,0,0,0,-0.03442766766650662
2026-03-03 09:00:00,50.6,81.86,1.452,44.59,15.86,42.86,26.6,66.34,0,0,0,0,-0.09972801469417691
2026-03-03 10:00:00,55.14,76.44,1.301,37.05,11.58,41.81,29.97,55.86,0,0,0,0,-0.0973725107598839
2026-03-03 11:00:00,38.62,72.84,0.981,29.38,12.33,48.88,30.57,57.17,0,0,0,0,-0.10020375803979131
2026-03-03 12:00:00,92.79,,,,16.34,49.43,33.48,61.71,1,-1,1,0,-0.022951732288413518
2026-03-03 13:00:00,31.21,45.65,0.764,32.68,9.09,42.84,29.04,52.39,0,0,0,0,-0.07780784389817957
2026-03-03 14:00:00,37.05,61.15,0.764,23.37,14.6,37.66,29.78,56.3,0,0,0,0,-0.08603949395991672
2026-03-03 15:00:00,30.17,51.24,0.862,31.93,,39.52,31.44,55.78,0,0,0,0,-0.09565995299442326
2026-03-03 16:00:00,33.04,34.05,0.981,32.96,10.82,46.22,28.8,66.55,0,0,0,0,-0.09905799424438239
2026-03-03 17:00:00,43.01,68.2,1.249,39.67,13.04,29.79,27.62,63.88,0,0,0,0,-0.12074421126307411
2026-03-03 18:00:00,54.51,99.48,1.53,43.64,13.58,29.83,25.68,60.83,0,0,0,0,-0.10470820607999487
2026-03-03 19:00:00,114.95,166.06,1.438,41.57,17.16,66.55,48.78,23.66,1,-1,1,1,0.1558654056961108
2026-03-03 20:00:00,58.46,93.76,1.648,40.17,9.2,25.11,23.75,63.67,0,0,0,0,-0.0712499455024711
2026-03-03 21:00:00,55.38,93.33,1.36,49.26,14.37,21.11,20.71,74.6,0,0,0,0,-0.07747838942636359
2026-03-03 22:00:00,33.19,53.26,0.865,32.15,9.72,26.53,21.88,65.38,0,0,0,0,-0.11288140888714299
2026-03-03 23:00:00,26.95,32.1,0.758,31.95,5.51,21.5,18.64,79.31,0,0,0,0,-0.04758091417537852
2026-03-04 00:00:00,14.35,23.25,0.501,25.42,8.64,32.54,20.5,72.92,0,0,0,0,-0.06713660042753505
2026-03-04 01:00:00,38.94,76.18,0.875,21.46,15.96,33.46,20.52,71.45,0,0,0,0,-0.08927537341329
2026-03-04 02:00:00,26.9,31.77,0.615,23.56,9.25,32.18,20.13,75.84,0,0,0,0,-0.09131751039900249
2026-03-04 03:00:00,29.57,44.3,0.722,23.19,12.7,15.34,21.73,76.88,0,0,0,0,-0.09350372685256925
2026-03-04 04:00:00,20.73,17.63,0.678,17.64,12.71,25.19,22.16,73.58,0,0,0,0,-0.07691396937896244
2026-03-04 05:00:00,35.9,70.54,0.926,29.43,11.56,26.59,22.96,76.88,0,0,0,0,-0.11740606140467247
2026-03-04 06:00:00,48.4,78.75,1.294,40.92,13.11,29.71,25.26,69.77,0,0,0,0,-0.1268100556396925
2026-03-04 07:00:00,202.17,182.68,3.877,119.38,20.67,23.74,25.79,73.3,1,-1,1,1,0.1474216292534361
2026-03-04 08:00:00,154.8,257.57,1.644,45.73,12.7,70.35,47.66,13.81,1,-1,1,1,0.19401500955008794
2026-03-04 09:00:00,68.75,98.99,1.553,45.81,16.87,47.29,28.22,66.15,0,0,0,0,-0.058126243491298635
2026-03-04 10:00:00,39.31,52.46,1.217,46.75,12.06,46.57,31.34,60.52,0,0,0,0,-0.08458926498417191
2026-03-04 11:00:00,30.51,32.82,0.791,20.22,11.86,43.07,29.63,63.14,0,0,0,0,-0.08734687815209213
2026-03-04 12:00:00,25.82,29.8,0.649,27.33,10.87,46.91,30.57,62.69,0,0,0,0,-0.07629554113174858
2026-03-04 13:00:00,40.19,82.59,0.801,24.9,16.84,52.11,30.32,67.92,0,0,0,0,-0.07461382381083115
2026-03-04 14:00:00,37.88,53.7,0.883,23.04,10.84,46.1,32.13,61.01,0,0,0,0,-0.09071951150967761
2026-03-04 15:00:00,33.25,60.46,0.978,26.32,14.86,47.17,30.07,62.51,0,0,0,0,-0.10282035837614295
2026-03-04 16:00:00,39.52,55.17,0.998,36.21,12.25,35.12,28.29,72.39,0,0,0,0,-0.11515228241492093
2026-03-04 17:00:00,41.9,78.25,1.142,41.55,15.92,26.29,27.83,62.69,0,0,0,0,-0.10432286054192852
2026-03-04 18:00:00,430.84,524.7,8.307,227.29,91.68,3.41,23.29,67.15,1,-1,1,1,0.2628464737243797
2026-03-04 19:00:00,137.79,168.15,1.476,50.8,13.67,63.87,43.79,13.23,1,-1,1,1,0.16018536772382003
2026-03-04 20:00:00,51.97,86.38,1.349,50.06,12.33,25.57,25.49,61.03,0,0,0,0,-0.10630883166415733
2026-03-04 21:00:00,51.32,112.61,1.25,43.89,13.44,21.67,22.12,67.52,0,0,0,0,-0.09650650530095106
2026-03-04 22:00:00,38.25,,0.923,29.86,14.51,32.06,21.18,69.41,0,0,0,0,-0.11355444706192974
2026-03-04 23:00:00,30.9,43.88,0.805,29.59,11.92,28.46,21.22,75.29,0,0,0,0,-0.11759132364974645
2026-03-05 00:00:00,24.47,48.6,0.746,23.02,13.13,32.1,21.46,72.99,0,0,0,0,-0.10593829591123738
2026-03-05 01:00:00,29.52,74.37,0.722,17.55,9.48,19.99,18.18,78.22,0,0,0,0,-0.06418887050515931
2026-03-05 02:00:00,35.59,39.18,0.736,15.34,9.75,23.4,19.12,81.97,0,0,0,0,-0.07016844943254846
2026-03-05 03:00:00,30.1,39.55,0.851,12.96,11.05,28.55,22.28,78.73,0,0,0,0,-0.08384516205988402
2026-03-05 04:00:00,35.6,55.9,0.822,26.75,11.47,23.27,22.32,74.77,0,0,0,0,-0.11806488344236576
2026-03-05 05:00:00,35.39,53.39,1.069,31.75,11.13,28.96,26.08,69.17,0,0,0,0,-0.12241878168940495
2026-03-05 06:00:00,165.84,126.19,2.793,83.41,18.7,25.68,25.57,76.36,1,-1,1,1,0.10172007498502317
2026-03-05 07:00:00,56.17,77.03,1.433,49.38,16.25,33.09,25.06,74.58,0,0,0,0,-0.08485193022459481
2026-03-05 08:00:00,57.2,111.23,1.364,47.0,12.92,30.65,27.19,62.1,0,0,0,0,-0.09567998744289402
2026-03-05 09:00:00,42.55,53.14,1.448,48.18,15.39,44.74,26.56,66.63,0,0,0,0,-0.08473358921786989
2026-03-05 10:00:00,43.28,69.0,1.2,38.84,12.36,49.73,30.47,63.74,0,0,0,0,-0.10569189550266817
2026-03-05 11:00:00,36.94,73.51,0.951,25.35,13.12,50.15,31.08,64.35,0,0,0,0,-0.09585471892921471
2026-03-05 12:00:00,28.27,46.28,0.866,27.6,12.05,54.82,30.99,63.75,0,0,0,0,-0.09504289311062697
2026-03-05 13:00:00,40.36,54.85,0.956,29.55,10.22,50.38,32.62,58.74,0,0,0,0,-0.08489862243211582
2026-03-05 14:00:00,34.11,40.1,0.942,22.75,12.22,47.33,32.22,59.51,0,0,0,0,-0.08289747887788718
2026-03-05 15:00:00,44.19,70.16,0.96,22.69,16.66,47.27,29.72,59.18,0,0,0,0,-0.0815655867870374
2026-03-05 16:00:00,42.62,61.23,1.109,34.0,12.82,40.78,26.23,59.2,0,0,0,0,-0.11122078188420725
2026-03-05 17:00:00,48.58,82.62,1.165,34.26,14.84,32.16,28.22,59.23,0,0,0,0,-0.1096452153473097
2026-03-05 18:00:00,47.1,60.9,1.382,48.35,14.24,25.88,26.73,62.19,0,0,0,0,-0.10369966752065707
2026-03-05 19:00:00,55.83,101.88,1.466,43.93,14.26,25.52,25.02,64.31,0,0,0,0,-0.10537065006551621
2026-03-05 20:00:00,54.18,90.78,1.436,52.78,13.83,23.38,24.51,58.4,0,0,0,0,-0.07906046028237107
2026-03-05 21:00:00,37.33,63.87,1.113,26.39,12.94,32.11,20.8,68.89,0,0,0,0,-0.11216152236714527
2026-03-05 22:00:00,35.79,76.35,0.981,32.78,13.26,,23.74,,0,0,0,0,-0.12069504913891482
2026-03-05 23:00:00,30.55,45.15,0.777,34.19,8.08,,19.64,72.99,0,0,0,0,-0.09200955275377076
2026-03-06 00:00:00,27.33,36.39,0.749,16.64,11.28,21.47,21.51,72.65,0,0,0,0,-0.09835484802440664
2026-03-06 01:00:00,27.08,,0.804,20.34,10.3,27.39,18.79,79.08,0,0,0,0,-0.09024275736359316
2026-03-06 02:00:00,21.11,32.52,0.577,18.27,9.25,22.56,20.25,72.29,0,0,0,0,-0.08316857006125516
2026-03-06 03:00:00,30.6,49.41,0.802,19.75,13.91,24.84,24.07,67.15,0,0,0,0,-0.10596716697530278
2026-03-06 04:00:00,448.98,361.75,,240.65,81.28,1.77,23.09,73.33,1,-1,1,1,0.2508084952993223
2026-03-06 05:00:00,16.01,8.0,0.724,19.9,6.53,33.0,25.74,75.22,0,0,0,0,-0.03690222640427887
2026-03-06 06:00:00,40.53,60.14,1.013,35.85,13.8,16.73,26.45,77.78,0,0,0,0,-0.09595035021912146
2026-03-06 07:00:00,59.39,102.31,1.363,47.37,10.81,32.16,27.47,72.44,0,0,0,0,-0.0947403708222852
2026-03-06 08:00:00,44.52,75.09,1.269,42.63,8.21,42.19,30.57,59.62,0,0,0,0,-0.08599470832390671
2026-03-06 09:00:00,53.6,102.83,1.226,38.64,15.36,41.99,29.8,64.05,0,0,0,0,-0.09803148990877214
2026-03-06 10:00:00,56.46,116.62,1.439,44.77,13.99,46.19,28.82,65.58,0,0,0,0,-0.08685687114312302
2026-03-06 11:00:00,32.42,62.61,0.952,33.43,12.28,42.1,30.55,62.42,0,0,0,0,-0.11047651243152173
2026-03-06 12:00:00,32.17,69.66,0.834,20.88,10.24,39.27,32.37,61.02,0,0,0,0,-0.08187007007856051
2026-03-06 13:00:00,21.35,44.43,0.496,15.93,7.09,48.68,32.01,54.49,0,0,0,0,-0.005708846344407603
2026-03-06 14:00:00,42.06,89.92,0.787,22.32,9.6,48.49,29.11,60.23,0,0,0,0,-0.0900601572147462
2026-03-06 15:00:00,148.44,160.03,2.643,85.62,18.48,29.05,29.26,61.02,1,-1,1,1,0.10261903734320116
2026-03-06 16:00:00,40.63,78.45,1.217,34.47,9.26,35.69,28.3,63.34,0,0,0,0,-0.11557466732411631
2026-03-06 17:00:00,57.64,103.58,1.313,45.03,14.44,23.29,27.24,57.94,0,0,0,0,-0.09215835311398618
2026-03-06 18:00:00,58.23,93.62,1.532,43.34,12.81,24.61,24.61,62.64,0,0,0,0,-0.09845556089054253
2026-03-06 19:00:00,50.75,83.23,1.368,40.33,13.48,35.89,24.09,54.47,0,0,0,0,-0.09817398207225808
2026-03-06 20:00:00,48.79,76.45,1.354,47.68,13.22,23.92,22.65,65.13,0,0,0,0,-0.1079339649657563
2026-03-06 21:00:00,,91.08,1.382,36.91,13.92,24.88,23.32,66.12,0,0,0,0,-0.1114741237546571
2026-03-06 22:00:00,396.7,375.34,6.767,166.1,84.87,5.91,22.49,66.18,1,-1,1,1,0.24730887195906676
2026-03-06 23:00:00,267.8,566.12,5.589,227.73,48.8,6.39,20.8,73.73,1,-1,1,1,0.22022683205997634
2026-03-07 00:00:00,23.86,11.1,0.758,17.55,10.79,24.34,20.33,74.48,0,0,0,0,-0.06521933758658521
2026-03-07 01:00:00,14.99,45.42,0.544,23.77,10.02,31.68,21.16,65.95,0,0,0,0,-0.07761747894011456
2026-03-07 02:00:00,35.93,56.64,0.887,19.67,6.25,26.78,20.57,77.18,0,0,0,0,-0.08297683936010758
2026-03-07 03:00:00,27.93,51.55,0.671,26.71,12.22,27.1,21.05,72.67,0,0,0,0,-0.11678943877228998
2026-03-07 04:00:00,438.88,612.16,8.815,225.09,57.66,5.07,22.45,77.24,1,-1,1,1,0.26366558136012225
2026-03-07 05:00:00,31.98,56.37,0.937,26.78,12.44,26.3,24.15,68.47,0,0,0,0,-0.12206923510312545
2026-03-07 06:00:00,31.3,68.97,1.059,33.7,8.3,33.4,24.94,72.5,0,0,0,0,-0.11138397498945063
2026-03-07 07:00:00,44.68,58.82,1.301,50.56,11.77,33.17,27.96,67.74,0,0,0,0,-0.10073132104457366
2026-03-07 08:00:00,189.55,430.71,3.949,74.83,24.48,45.38,29.97,67.24,1,-1,1,1,0.1756741724454755
2026-03-07 09:00:00,68.12,125.44,1.572,49.9,16.45,35.69,28.34,66.79,0,0,0,0,-0.046083070634804546
2026-03-07 10:00:00,50.92,86.53,1.225,,10.0,55.2,31.15,61.44,0,0,0,0,-0.088085312137751
2026-03-07 11:00:00,37.97,79.76,1.066,27.28,9.75,53.72,31.41,54.79,0,0,0,0,-0.07496629305194419
2026-03-07 12:00:00,30.04,35.54,0.795,23.8,12.18,48.71,32.28,53.04,0,0,0,0,-0.06541993872802537
2026-03-07 13:00:00,23.59,35.47,0.579,23.56,8.97,55.58,31.67,56.12,0,0,0,0,-0.03437294286350823
2026-03-07 14:00:00,45.15,91.83,0.835,20.29,10.47,43.78,29.4,59.68,0,0,0,0,-0.08655121866188376
2026-03-07 15:00:00,33.47,32.82,0.746,25.48,13.34,44.93,28.76,57.35,0,0,0,0,-0.08449356517291279
2026-03-07 16:00:00,55.29,97.96,1.285,42.41,15.61,36.8,29.18,61.74,0,0,0,0,-0.10374897328180954
2026-03-07 17:00:00,57.86,101.86,1.279,43.73,15.37,33.86,29.05,58.41,0,0,0,0,-0.09275791231869318
2026-03-07 18:00:00,41.61,92.29,1.287,40.86,14.03,31.41,23.74,60.94,0,0,0,0,-0.10974779268781387
2026-03-07 19:00:00,51.24,65.55,1.423,45.61,12.61,29.83,25.4,63.0,0,0,0,0,-0.11487379545928128
2026-03-07 20:00:00,48.5,99.34,1.34,45.93,12.4,21.6,25.09,66.33,0,0,0,0,-0.11063701922933
2026-03-07 21:00:00,46.17,69.47,1.266,42.64,11.19,19.65,22.34,70.4,0,0,0,0,-0.1082343250090046
2026-03-07 22:00:00,38.17,57.61,1.042,29.8,12.19,27.12,22.32,77.93,0,0,0,0,-0.11798315717657454
2026-03-07 23:00:00,54.03,74.48,0.911,39.42,12.24,24.05,20.27,70.88,0,0,0,0,-0.10368795954572474
2026-03-08 00:00:00,16.74,14.57,0.533,25.56,8.72,23.16,20.78,74.0,0,0,0,0,-0.06338785027562283
2026-03-08 01:00:00,25.53,46.96,0.701,24.21,11.87,32.16,19.17,78.48,0,0,0,0,-0.09409085601533329
2026-03-08 02:00:00,119.64,73.72,2.042,44.04,32.26,27.65,18.86,77.76,1,-1,1,1,0.07794123766915634
2026-03-08 03:00:00,,53.03,0.847,17.3,11.55,25.01,23.68,72.01,0,0,0,0,-0.10553444593401301
2026-03-08 04:00:00,31.4,43.86,0.71,23.92,15.09,23.01,22.51,69.04,0,0,0,0,-0.09951909785824087
2026-03-08 05:00:00,29.24,33.69,0.854,29.33,9.37,27.46,24.48,71.26,0,0,0,0,-0.10848715311639806
2026-03-08 06:00:00,45.76,69.17,1.072,28.61,8.53,25.57,24.79,68.23,0,0,0,0,-0.11614674446245943
2026-03-08 07:00:00,56.43,97.15,1.553,46.68,15.22,38.36,26.18,63.56,0,0,0,0,-0.09151748753207911
2026-03-08 08:00:00,58.11,92.56,1.576,52.86,12.11,43.71,29.0,63.72,0,0,0,0,-0.07379049215873196
2026-03-08 09:00:00,57.14,94.69,1.468,47.23,13.11,43.21,29.47,61.08,0,0,0,0,-0.0979145246325912
2026-03-08 10:00:00,55.39,99.75,1.327,36.03,9.65,51.45,31.68,64.32,0,0,0,0,-0.07057809934459464
2026-03-08 11:00:00,44.29,86.07,1.176,,10.45,55.66,32.32,62.52,0,0,0,0,-0.08318022995320135
2026-03-08 12:00:00,33.31,51.24,0.947,27.82,8.03,53.58,32.35,55.27,0,0,0,0,-0.059706107998710845
2026-03-08 13:00:00,196.05,613.41,6.069,158.77,80.37,6.03,32.07,57.06,1,-1,1,1,0.25710230038998266
2026-03-08 14:00:00,27.76,46.72,0.797,26.43,9.91,55.1,33.13,48.92,0,0,0,0,-0.03758876318144555
2026-03-08 15:00:00,33.23,60.48,0.853,30.72,11.52,47.52,29.08,57.52,0,0,0,0,-0.11171477177440692
2026-03-08 16:00:00,42.35,52.35,1.142,38.9,14.96,36.62,,60.85,0,0,0,0,-0.10708869231780105
2026-03-08 17:00:00,44.28,62.37,1.274,32.74,13.92,32.68,,62.63,0,0,0,0,-0.12079564410771793
2026-03-08 18:00:00,47.57,69.86,1.319,43.95,9.19,28.5,28.0,58.12,0,0,0,0,-0.09927058876583261
2026-03-08 19:00:00,46.77,74.67,1.331,42.34,14.01,22.31,23.35,70.15,0,0,0,0,-0.12149286261436854
2026-03-08 20:00:00,42.24,60.57,1.361,41.28,12.47,18.93,23.36,60.91,0,0,0,0,-0.09634535203469952
2026-03-08 21:00:00,46.0,84.38,1.362,43.06,12.38,30.09,24.23,62.41,0,0,0,0,-0.11849475986801389
2026-03-08 22:00:00,28.84,28.32,0.858,35.58,10.83,28.45,22.34,73.24,0,0,0,0,-0.10401293164533437
2026-03-08 23:00:00,25.1,22.45,0.76,32.95,10.96,19.56,21.41,79.21,0,0,0,0,-0.0691487034696549
2026-03-09 00:00:00,21.26,31.08,0.641,22.01,8.6,24.83,20.73,76.32,0,0,0,0,-0.091015271354562
2026-03-09 01:00:00,14.94,22.55,0.579,18.16,9.09,25.73,20.72,75.23,0,0,0,0,-0.06848667273426678
2026-03-09 02:00:00,28.53,29.62,0.669,20.51,13.46,27.43,22.08,66.18,0,0,0,0,-0.09238355088932437
2026-03-09 03:00:00,32.5,46.35,0.931,14.88,9.7,20.91,22.3,67.17,0,0,0,0,-0.09099620113199564
2026-03-09 04:00:00,26.14,38.32,0.789,31.2,8.35,21.44,23.7,74.69,0,0,0,0,-0.09994745466830929
2026-03-09 05:00:00,33.5,50.55,0.976,28.27,11.21,31.4,25.17,71.25,0,0,0,0,-0.11799900255047596
2026-03-09 06:00:00,48.88,82.48,1.376,40.61,10.4,20.06,25.68,67.29,0,0,0,0,-0.10900844848238356
2026-03-09 07:00:00,47.28,70.07,1.286,45.77,8.94,33.97,28.56,68.59,0,0,0,0,-0.10593381446905437
2026-03-09 08:00:00,50.31,100.75,1.394,38.64,12.27,41.31,32.75,63.99,0,0,0,0,-0.08135434872220992
2026-03-09 09:00:00,60.49,105.66,1.38,40.4,17.24,40.99,28.26,70.14,0,0,0,0,-0.07839525216305399
2026-03-09 10:00:00,51.9,75.94,1.258,46.44,13.1,49.65,31.65,62.56,0,0,0,0,-0.08668811434178064
2026-03-09 11:00:00,41.51,69.63,,33.05,12.54,58.54,30.9,66.31,0,0,0,0,-0.0953069512138407
2026-03-09 12:00:00,38.91,65.68,0.977,24.54,7.2,45.04,32.69,58.61,0,0,0,0,-0.06196970240228067
2026-03-09 13:00:00,16.25,41.4,0.644,20.75,10.59,58.33,31.87,57.82,0,0,0,0,-0.03806386659664579
2026-03-09 14:00:00,40.0,58.8,0.886,32.1,12.21,37.49,32.18,61.47,0,0,0,0,-0.09438509023749614
2026-03-09 15:00:00,38.02,71.94,0.931,33.33,10.34,54.01,31.8,53.14,0,0,0,0,-0.0701377808536815
2026-03-09 16:00:00,46.59,77.37,1.192,26.96,13.05,30.16,29.48,70.23,0,0,0,0,-0.11247445622773689
2026-03-09 17:00:00,50.54,101.29,1.193,47.83,13.43,47.64,29.28,60.82,0,0,0,0,-0.09668475594310355
2026-03-09 18:00:00,53.52,103.8,1.422,48.86,11.02,23.52,23.68,66.38,0,0,0,0,-0.09522282682607203
2026-03-09 19:00:00,53.77,91.08,1.499,44.79,14.11,34.86,26.98,64.78,0,0,0,0,-0.11119441484038073
2026-03-09 20:00:00,54.91,87.45,1.28,38.35,16.12,31.21,24.2,73.73,0,0,0,0,-0.10328065485432081
2026-03-09 21:00:00,44.49,79.49,1.266,43.71,11.95,24.38,23.9,70.87,0,0,0,0,-0.11881306389956747
2026-03-09 22:00:00,46.05,73.81,0.99,36.54,10.7,21.34,20.27,65.84,0,0,0,0,-0.10146740813479832
2026-03-09 23:00:00,20.99,54.8,0.722,17.85,9.71,21.38,20.18,79.24,0,0,0,0,-0.08157714913054781
2026-03-10 00:00:00,20.65,35.02,0.513,18.6,11.95,30.42,21.17,72.59,0,0,0,0,-0.0876549524248656
2026-03-10 01:00:00,38.59,58.8,0.938,39.07,9.16,22.57,21.16,75.42,0,0,0,0,-0.10472511294857512
2026-03-10 02:00:00,21.07,29.25,0.528,20.36,11.38,23.16,22.07,69.85,0,0,0,0,-0.08593624920512949
2026-03-10 03:00:00,24.65,26.12,0.555,18.27,8.97,31.23,23.9,75.92,0,0,0,0,-0.07649669576342033
2026-03-10 04:00:00,23.95,46.2,0.74,19.02,10.93,22.07,21.62,73.44,0,0,0,0,-0.10279879359462868
2026-03-10 05:00:00,38.81,54.19,0.964,39.8,10.64,27.58,26.23,72.12,0,0,0,0,-0.11164060816384691
2026-03-10 06:00:00,111.47,160.95,1.004,40.47,10.72,60.49,42.98,13.01,1,-1,1,1,0.12827554813937275
2026-03-10 07:00:00,50.04,67.04,1.397,49.96,16.35,30.84,27.66,76.84,0,0,0,0,-0.08285943644129629
2026-03-10 08:00:00,60.33,101.08,1.362,48.11,10.93,34.72,27.46,76.21,0,0,0,0,-0.08664504979592064
2026-03-10 09:00:00,47.91,92.85,1.246,48.77,13.86,52.98,30.97,64.11,0,0,0,0,-0.08120998428267734
2026-03-10 10:00:00,50.92,58.19,1.214,34.27,16.9,44.48,28.34,65.25,0,0,0,0,-0.09244374146371614
2026-03-10 11:00:00,43.96,96.75,1.125,32.9,13.9,50.0,32.56,58.41,0,0,0,0,-0.07670174700938215
2026-03-10 12:00:00,39.05,59.33,1.023,28.9,8.98,49.88,30.18,65.27,0,0,0,0,-0.10047341861609221
2026-03-10 13:00:00,31.17,53.13,0.878,31.28,8.3,54.7,31.84,56.99,0,0,0,0,-0.07181946407099049
2026-03-10 14:00:00,53.78,95.6,1.061,31.01,11.72,42.51,31.08,56.51,0,0,0,0,-0.08454464656150323
2026-03-10 15:00:00,41.75,77.61,0.789,26.28,12.52,48.76,31.75,61.01,0,0,0,0,-0.09005031726986795
2026-03-10 16:00:00,43.27,74.68,1.123,33.95,12.82,41.54,28.99,57.25,0,0,0,0,-0.10941182257512533
2026-03-10 17:00:00,41.66,80.71,1.295,29.5,9.37,25.39,27.04,61.18,0,0,0,0,-0.11180378797080004
2026-03-10 18:00:00,53.62,94.7,1.506,32.44,11.44,36.37,25.84,56.59,0,0,0,0,-0.08684593543575297
2026-03-10 19:00:00,65.55,129.3,1.621,52.07,12.77,34.14,26.55,65.89,0,0,0,0,-0.04863335145680736
2026-03-10 20:00:00,64.29,112.34,1.44,44.31,14.03,20.97,24.34,73.86,0,0,0,0,-0.07373444198782203
2026-03-10 21:00:00,56.87,117.41,1.317,39.61,18.05,18.08,22.09,72.21,0,0,0,0,-0.049865029994418386
2026-03-10 22:00:00,44.18,83.71,1.257,37.94,10.37,25.47,21.39,77.1,0,0,0,0,-0.10474295420756907
2026-03-10 23:00:00,24.24,18.32,0.657,32.77,8.27,17.26,19.24,71.1,0,0,0,0,-0.057524829280525214
2026-03-11 00:00:00,27.61,76.9,0.598,23.82,8.27,32.81,21.39,74.69,0,0,0,0,-0.08944437849489567
2026-03-11 01:00:00,15.84,19.25,0.626,28.53,10.98,22.67,19.0,73.16,0,0,0,0,-0.07310962725369535
2026-03-11 02:00:00,14.61,42.06,0.509,21.5,9.37,36.45,22.56,73.62,0,0,0,0,-0.07745332205814004
2026-03-11 03:00:00,27.76,46.12,0.629,24.11,8.8,23.01,22.68,78.01,0,0,0,0,-0.09914856303758457
2026-03-11 04:00:00,103.51,184.1,2.257,74.4,15.9,29.42,26.52,72.04,1,-1,1,1,0.06562061866434138
2026-03-11 05:00:00,43.21,63.03,1.087,25.39,10.58,32.81,23.66,68.38,0,0,0,0,-0.11661615042548878
2026-03-11 06:00:00,48.76,87.96,1.203,42.83,13.53,26.66,26.28,65.92,0,0,0,0,-0.12279417879457682
2026-03-11 07:00:00,56.81,90.69,1.344,32.05,19.59,36.82,29.98,61.53,0,0,0,0,-0.06599916202366923
2026-03-11 08:00:00,48.5,98.97,1.543,41.57,14.06,46.63,30.57,67.45,0,0,0,0,-0.08460399322758994
2026-03-11 09:00:00,50.99,89.39,1.364,43.23,12.89,,29.44,73.55,0,0,0,0,-0.10840675561627666
2026-03-11 10:00:00,34.57,68.28,1.176,31.3,9.99,43.59,31.41,67.68,0,0,0,0,-0.09418908603933324
2026-03-11 11:00:00,24.79,14.93,0.903,25.99,,45.64,31.69,53.1,0,0,0,0,-0.0401255903560267
2026-03-11 12:00:00,36.92,59.88,0.852,36.24,13.31,55.71,32.21,64.7,0,0,0,0,-0.08191874286781531
2026-03-11 13:00:00,24.24,44.92,0.665,28.5,11.92,54.16,30.84,62.95,0,0,0,0,-0.08097903707696302
2026-03-11 14:00:00,37.71,64.9,0.996,22.78,10.75,54.54,31.02,52.07,0,0,0,0,-0.06343978764399932
2026-03-11 15:00:00,42.36,81.44,1.108,27.18,14.91,42.11,28.33,58.96,0,0,0,0,-0.10515865905303623
2026-03-11 16:00:00,35.94,54.91,0.853,25.77,11.64,34.09,29.26,63.55,0,0,0,0,-0.11583446805324976
2026-03-11 17:00:00,51.78,86.03,1.342,43.43,14.88,22.69,28.31,62.4,0,0,0,0,-0.11066213184788354
2026-03-11 18:00:00,49.57,95.96,1.349,41.99,13.61,42.34,26.06,57.48,0,0,0,0,-0.10125224324306337
2026-03-11 19:00:00,42.32,42.49,1.223,33.43,11.84,28.57,22.97,68.74,0,0,0,0,-0.1134482714668738
2026-03-11 20:00:00,55.09,97.98,1.446,44.85,11.41,26.96,24.76,57.17,0,0,0,0,-0.09314452565789622
2026-03-11 21:00:00,43.74,68.16,1.094,40.48,12.05,27.1,22.87,67.73,0,0,0,0,-0.12318818974420953
2026-03-11 22:00:00,35.68,47.92,0.963,36.9,13.42,17.39,20.68,76.44,0,0,0,0,-0.09402398897584285
2026-03-11 23:00:00,46.61,80.94,0.975,29.89,11.54,19.46,20.66,73.28,0,0,0,0,-0.10298192248957383
2026-03-12 00:00:00,13.61,37.19,0.481,16.49,10.33,33.95,19.0,73.91,0,0,0,0,-0.04700087781516871
2026-03-12 01:00:00,26.45,56.11,0.672,30.94,8.26,27.92,19.75,79.82,0,0,0,0,-0.08177881959194366
2026-03-12 02:00:00,17.34,26.99,0.495,19.57,11.45,22.74,20.88,79.94,0,0,0,0,-0.06735152172144354
2026-03-12 03:00:00,32.32,63.83,0.904,27.11,11.92,21.61,23.86,79.09,0,0,0,0,-0.10380043873189587
2026-03-12 04:00:00,31.64,62.62,0.861,22.91,8.52,24.24,22.75,78.52,0,0,0,0,-0.10422265333320441
2026-03-12 05:00:00,38.6,62.64,1.138,34.35,11.37,27.11,25.61,76.61,0,0,0,0,-0.11680958548217762
2026-03-12 06:00:00,37.66,53.82,1.088,28.55,13.81,,25.61,74.71,0,0,0,0,-0.11411504059840105
2026-03-12 07:00:00,46.77,69.54,1.272,39.96,9.91,33.72,27.97,69.92,0,0,0,0,-0.11678884971687448
2026-03-12 08:00:00,163.81,278.22,1.681,41.14,11.83,74.34,46.01,12.77,1,-1,1,1,0.1957019690526009
2026-03-12 09:00:00,65.35,107.32,1.492,42.97,14.38,43.46,31.17,62.79,0,0,0,0,-0.07338571983449343
2026-03-12 10:00:00,49.55,69.21,1.23,44.49,17.65,48.77,30.35,58.34,0,0,0,0,-0.06501518538370482
2026-03-12 11:00:00,31.89,32.4,0.974,26.61,9.71,43.98,29.65,58.7,0,0,0,0,-0.08823845118226498
2026-03-12 12:00:00,34.66,67.17,0.767,30.18,12.56,53.09,30.06,59.82,0,0,0,0,-0.10207420032891751
2026-03-12 13:00:00,46.82,70.7,1.034,35.08,13.25,56.04,30.88,60.14,0,0,0,0,-0.09508157493519503
2026-03-12 14:00:00,30.79,54.77,0.844,24.68,9.78,49.22,29.46,65.42,0,0,0,0,-0.10635857715190355
2026-03-12 15:00:00,44.95,89.04,1.124,,12.85,,30.57,57.99,0,0,0,0,-0.10116501910084663
2026-03-12 16:00:00,35.04,42.12,1.064,34.64,10.52,37.89,28.37,63.98,0,0,0,0,-0.10906268602373792
2026-03-12 17:00:00,47.33,77.56,1.349,39.6,11.95,28.53,30.45,62.59,0,0,0,0,-0.1102370338699829
2026-03-12 18:00:00,57.84,93.38,1.449,48.64,10.13,24.72,24.08,63.57,0,0,0,0,-0.08730288463165814
2026-03-12 19:00:00,58.24,100.65,1.427,55.65,13.77,27.71,24.98,66.86,0,0,0,0,-0.08376299115813962
2026-03-12 20:00:00,47.72,93.61,1.505,39.68,14.75,20.09,22.05,67.18,0,0,0,0,-0.09326339440498099
2026-03-12 21:00:00,40.54,50.93,1.041,32.85,12.18,34.64,21.66,75.0,0,0,0,0,-0.1113793353818685
2026-03-12 22:00:00,46.0,82.73,1.01,29.06,15.0,28.25,21.54,73.66,0,0,0,0,-0.10784787460773387
2026-03-12 23:00:00,41.4,80.69,1.022,34.19,13.42,12.61,18.02,70.81,0,0,0,0,-0.07792682759147795
2026-03-13 00:00:00,34.77,55.14,0.905,28.23,11.35,15.97,20.9,74.84,0,0,0,0,-0.10022691197522726
2026-03-13 01:00:00,36.39,58.4,0.812,20.32,10.26,21.71,23.08,79.86,0,0,0,0,-0.09470865600763695
2026-03-13 02:00:00,25.76,47.53,0.757,10.54,9.51,33.5,20.79,75.39,0,0,0,0,-0.0810475319786721
2026-03-13 03:00:00,24.03,43.8,0.52,18.48,7.17,31.81,22.51,76.86,0,0,0,0,-0.06838515067739409
2026-03-13 04:00:00,39.34,71.9,0.874,29.88,11.35,35.79,24.56,75.58,0,0,0,0,-0.11632371262075242
2026-03-13 05:00:00,41.78,75.68,0.883,31.2,12.5,27.38,24.45,69.18,0,0,0,0,-0.12397029970437234
2026-03-13 06:00:00,37.47,50.04,1.161,36.7,15.52,27.53,25.36,74.05,0,0,0,0,-0.1060116383824723
2026-03-13 07:00:00,45.32,86.66,1.174,39.36,13.69,25.66,24.74,66.19,0,0,0,0,-0.12482785966852233
2026-03-13 08:00:00,59.24,111.75,1.406,51.72,12.02,40.93,29.56,63.89,0,0,0,0,-0.07619407401561401
2026-03-13 09:00:00,50.97,86.33,1.407,44.83,9.93,42.96,29.79,69.29,0,0,0,0,-0.09284777386947596
2026-03-13 10:00:00,45.21,56.66,1.277,40.3,12.07,46.01,29.57,65.31,0,0,0,0,-0.1097601661299234
2026-03-13 11:00:00,45.57,73.81,1.068,33.2,14.34,58.75,31.48,59.66,0,0,0,0,-0.08088965949832672
2026-03-13 12:00:00,37.34,63.95,0.944,29.75,11.25,50.86,30.8,62.06,0,0,0,0,-0.10942234889342378
2026-03-13 13:00:00,39.26,51.04,0.93,28.27,13.12,57.22,30.67,59.12,0,0,0,0,-0.08918544638032755
2026-03-13 14:00:00,17.41,24.41,0.619,17.51,9.34,43.73,31.47,57.89,0,0,0,0,-0.02151495573919565
2026-03-13 15:00:00,103.02,86.48,0.826,30.11,13.17,112.74,48.03,12.3,1,-1,1,1,0.17997903691033806
2026-03-13 16:00:00,157.4,266.73,3.217,96.13,22.53,39.0,29.97,55.62,1,-1,1,1,0.163288382995249
2026-03-13 17:00:00,36.93,62.93,1.169,42.71,15.22,37.13,25.7,62.7,0,0,0,0,-0.104658138821913
2026-03-13 18:00:00,49.06,61.2,1.424,45.22,10.46,31.56,25.15,62.29,0,0,0,0,-0.10603739406529883
2026-03-13 19:00:00,50.76,87.97,1.432,40.13,14.82,26.07,26.82,56.49,0,0,0,0,-0.09401885676307464
2026-03-13 20:00:00,53.8,88.09,1.316,40.03,12.78,30.29,24.53,62.24,0,0,0,0,-0.12190763622344686
2026-03-13 21:00:00,57.54,101.13,1.423,38.87,13.5,28.03,22.14,75.55,0,0,0,0,-0.09840297831240657
2026-03-13 22:00:00,53.19,83.07,1.21,36.53,12.79,18.62,20.01,74.03,0,0,0,0,-0.09922365269126843
2026-03-13 23:00:00,27.62,35.95,0.773,25.85,11.32,21.18,19.94,68.55,0,0,0,0,-0.10213168066905198
2026-03-14 00:00:00,28.61,37.95,0.678,15.73,11.87,25.29,20.47,68.42,0,0,0,0,-0.09304032895429143
2026-03-14 01:00:00,28.23,40.12,0.644,15.72,13.15,24.64,20.6,75.04,0,0,0,0,-0.09524299832447325
2026-03-14 02:00:00,26.76,44.38,0.76,10.92,13.77,32.68,20.99,82.19,0,0,0,0,-0.06000803342698674
2026-03-14 03:00:00,29.24,50.01,0.628,7.3,11.65,29.82,21.92,74.85,0,0,0,0,-0.08069663893358647
2026-03-14 04:00:00,31.48,49.66,0.74,24.91,14.92,26.55,22.83,80.18,0,0,0,0,-0.0908534741097013
2026-03-14 05:00:00,47.79,73.77,1.078,44.34,12.98,28.16,22.67,76.33,0,0,0,0,-0.1096943395046624
2026-03-14 06:00:00,52.07,81.69,1.402,47.7,15.58,16.74,25.2,74.04,0,0,0,0,-0.08219862959278607
2026-03-14 07:00:00,45.47,105.12,1.384,37.12,13.49,32.03,28.33,63.2,0,0,0,0,-0.1067683534725099
2026-03-14 08:00:00,60.38,90.38,1.391,47.63,12.83,38.11,26.9,72.54,0,0,0,0,-0.09901248344985658
2026-03-14 09:00:00,59.06,90.76,1.571,37.41,14.31,48.4,29.45,63.95,0,0,0,0,-0.08125599572882913
2026-03-14 10:00:00,47.36,117.68,1.326,31.24,13.84,47.95,29.55,67.36,0,0,0,0,-0.0845362082428126
2026-03-14 11:00:00,46.19,81.26,0.994,26.54,12.55,57.65,31.21,57.86,0,0,0,0,-0.07844270720139712
2026-03-14 12:00:00,33.47,38.66,0.65,25.22,12.26,56.2,30.78,61.0,0,0,0,0,-0.0771855301828942
2026-03-14 13:00:00,31.38,61.9,0.786,23.49,13.04,50.85,32.82,58.83,0,0,0,0,-0.08486702860089995
2026-03-14 14:00:00,31.82,41.58,0.899,26.29,11.13,49.19,31.1,57.57,0,0,0,0,-0.09036537634503616
2026-03-14 15:00:00,20.12,44.11,0.851,28.4,3.54,47.49,28.03,62.06,0,0,0,0,-0.060339156863100374
2026-03-14 16:00:00,40.34,64.02,0.987,31.35,15.73,38.56,29.26,,0,0,0,0,-0.10551493591163175
2026-03-14 17:00:00,43.3,66.17,1.337,38.39,11.68,41.05,26.19,59.51,0,0,0,0,-0.11297917830235793
2026-03-14 18:00:00,44.45,92.65,1.119,36.74,10.63,22.0,24.99,70.1,0,0,0,0,-0.1146875746801651
2026-03-14 19:00:00,65.25,114.46,1.551,41.13,12.05,26.72,24.62,69.0,0,0,0,0,-0.07692433138048566
2026-03-14 20:00:00,56.88,105.53,1.413,37.2,12.95,27.58,22.32,64.87,0,0,0,0,-0.10015431328638524
2026-03-14 21:00:00,126.22,245.77,3.026,,21.47,23.83,22.83,70.93,1,-1,1,1,0.11048835754321878
2026-03-14 22:00:00,35.59,53.39,1.103,30.37,,21.19,19.94,69.58,0,0,0,0,-0.1114136885756864
2026-03-14 23:00:00,35.29,65.56,,18.64,10.03,23.2,19.57,69.45,0,0,0,0,-0.09546230588341398
2026-03-15 00:00:00,30.57,64.95,0.617,21.42,,27.89,19.32,79.75,0,0,0,0,-0.08576624699946483
2026-03-15 01:00:00,74.2,94.21,1.894,,24.02,22.73,19.61,69.57,1,-1,1,1,0.03327059397751392
2026-03-15 02:00:00,24.42,61.91,0.702,29.25,12.25,21.64,22.14,78.61,0,0,0,0,-0.09540769295319285
2026-03-15 03:00:00,32.6,64.0,0.648,20.68,13.73,32.19,22.44,74.12,0,0,0,0,-0.09978157395671727
2026-03-15 04:00:00,16.71,30.11,0.477,26.03,8.84,32.2,24.86,72.28,0,0,0,0,-0.07206457294930824
2026-03-15 05:00:00,261.3,333.94,5.071,196.26,47.56,1.7,26.85,72.81,1,-1,1,1,0.20700649360755613
2026-03-15 06:00:00,41.2,69.63,1.129,31.77,13.06,31.05,24.3,75.28,0,0,0,0,-0.120325278124634
2026-03-15 07:00:00,51.59,70.11,1.271,43.61,11.71,44.23,27.03,66.4,0,0,0,0,-0.1105354327651753
2026-03-15 08:00:00,51.4,83.72,1.398,47.85,12.2,43.1,26.85,71.7,0,0,0,0,-0.10374225572262175
2026-03-15 09:00:00,53.47,90.89,1.425,44.19,15.23,38.87,28.46,66.64,0,0,0,0,-0.10879129951108302
2026-03-15 10:00:00,59.59,93.33,1.358,42.05,16.36,48.03,29.5,58.93,0,0,0,0,-0.07784411654866819
2026-03-15 11:00:00,35.53,62.68,0.836,23.75,11.7,47.11,29.52,61.96,0,0,0,0,-0.11257641397740081
2026-03-15 12:00:00,33.53,55.59,1.004,29.13,8.72,48.61,29.7,66.79,0,0,0,0,-0.10070793668796812
2026-03-15 13:00:00,43.11,80.41,1.013,24.32,11.66,43.04,30.59,66.14,0,0,0,0,-0.10300494533272941
2026-03-15 14:00:00,26.48,51.65,0.719,25.71,7.48,46.88,28.74,63.17,0,0,0,0,-0.09236820233693432
2026-03-15 15:00:00,47.92,81.07,1.034,35.24,12.96,47.45,30.33,53.62,0,0,0,0,-0.08974944055767314
2026-03-15 16:00:00,40.36,50.19,1.085,36.39,12.6,38.49,27.06,63.11,0,0,0,0,-0.1114424910452233
2026-03-15 17:00:00,60.18,120.79,1.309,43.33,13.42,29.82,30.2,61.9,0,0,0,0,-0.08786068507400957
2026-03-15 18:00:00,58.39,94.64,1.49,48.21,14.37,18.41,24.85,66.71,0,0,0,0,-0.09170602429385033
2026-03-15 19:00:00,57.42,93.78,1.38,49.73,14.66,35.95,24.04,,0,0,0,0,-0.10061068062334594
2026-03-15 20:00:00,52.25,82.1,1.385,51.25,13.79,24.85,21.06,70.5,0,0,0,0,-0.09032914086844573
2026-03-15 21:00:00,42.66,64.53,1.095,37.9,9.62,22.27,23.51,67.76,0,0,0,0,-0.11773973914680774
2026-03-15 22:00:00,40.22,84.89,0.965,33.81,11.46,27.51,21.92,68.34,0,0,0,0,-0.11836783708057447
2026-03-15 23:00:00,39.91,82.48,1.09,33.58,12.89,34.79,20.37,65.87,0,0,0,0,-0.11320447609044021
2026-03-16 00:00:00,23.74,44.5,0.648,17.92,13.85,26.6,18.2,77.98,0,0,0,0,-0.07795450665106751
2026-03-16 01:00:00,21.93,34.89,0.64,13.43,9.59,11.59,20.24,76.56,0,0,0,0,-0.046293329750285495
2026-03-16 02:00:00,22.56,44.66,0.478,23.04,11.47,37.76,19.18,79.8,0,0,0,0,-0.05975644764197141
2026-03-16 03:00:00,123.52,187.59,2.137,63.07,30.92,17.67,23.14,69.15,1,-1,1,1,0.11366899794889812
2026-03-16 04:00:00,38.3,60.92,0.938,20.9,11.4,25.77,23.48,76.95,0,0,0,0,-0.10983757805701638
2026-03-16 05:00:00,30.66,54.64,0.915,31.81,13.59,22.31,23.94,82.0,0,0,0,0,-0.09420374238425261
2026-03-16 06:00:00,39.55,59.97,0.951,43.37,14.6,21.92,22.31,75.06,0,0,0,0,-0.09587714597081742
2026-03-16 07:00:00,54.67,93.24,1.427,35.7,16.5,33.03,25.47,70.87,0,0,0,0,-0.10354094551537985
2026-03-16 08:00:00,65.99,111.33,1.619,53.11,15.61,27.45,28.78,68.33,0,0,0,0,-0.051618839300587915
2026-03-16 09:00:00,59.87,106.02,1.576,32.21,19.18,43.28,30.54,72.44,0,0,0,0,-0.024942429311523573
2026-03-16 10:00:00,37.44,54.34,1.046,33.82,10.39,55.23,31.28,58.26,0,0,0,0,-0.0915832640351949
2026-03-16 11:00:00,35.68,67.4,0.783,39.63,16.24,44.82,28.57,64.3,0,0,0,0,-0.09188299547658751
2026-03-16 12:00:00,26.11,32.2,0.684,23.24,12.3,45.85,31.02,56.88,0,0,0,0,-0.07281691998151002
2026-03-16 13:00:00,28.4,39.99,0.668,24.26,13.79,51.86,31.67,56.27,0,0,0,0,-0.05954780786532965
2026-03-16 14:00:00,41.83,62.67,0.989,30.84,11.48,44.33,27.9,60.86,0,0,0,0,-0.11670370373186434
2026-03-16 15:00:00,23.96,26.67,0.553,17.27,12.25,42.95,29.0,,0,0,0,0,-0.059238262032131284
2026-03-16 16:00:00,28.51,59.23,0.879,31.03,13.99,35.07,28.18,67.34,0,0,0,0,-0.12152829882740823
2026-03-16 17:00:00,41.68,57.14,1.291,38.2,9.78,36.13,26.15,63.92,0,0,0,0,-0.11708777485796729
2026-03-16 18:00:00,55.45,83.11,1.43,53.73,13.19,27.5,22.86,64.09,0,0,0,0,-0.0869398641239924
2026-03-16 19:00:00,58.76,112.02,1.574,40.37,9.17,19.22,23.25,76.01,0,0,0,0,-0.04545322033747745
2026-03-16 20:00:00,56.22,85.91,1.307,42.66,13.23,18.96,21.91,66.57,0,0,0,0,-0.10433448556005925
2026-03-16 21:00:00,55.23,88.87,1.212,35.95,11.73,23.53,20.97,68.05,0,0,0,0,-0.11055276682789789
2026-03-16 22:00:00,27.64,33.46,1.018,25.3,10.28,19.54,19.59,65.77,0,0,0,0,-0.08570707615124878
2026-03-16 23:00:00,40.31,76.51,0.972,34.64,18.46,23.61,19.17,80.13,0,0,0,0,-0.04795399649469717
